Date,Open,High,Low,Close,Volume,Dividends,Stock Splits
2025-10-10,6.07,6.07,5.5,5.6,243200,0.0,0.0
2025-10-09,6.21,6.33,6.08,6.1,109000,0.0,0.0
2025-10-08,6.25,6.37,6.11,6.16,85600,0.0,0.0
2025-10-07,6.22,6.3,6.13,6.25,89200,0.0,0.0
2025-10-06,6.37,6.44,6.1,6.34,170400,0.0,0.0
2025-10-03,6.51,6.77,6.21,6.33,275600,0.0,0.0
2025-10-02,6.31,6.5,6.24,6.44,140900,0.0,0.0
2025-10-01,6.16,6.41,6.14,6.36,171300,0.0,0.0
2025-09-30,6.34,6.48,6.15,6.23,204800,0.0,0.0
2025-09-29,6.86,6.86,6.31,6.45,308400,0.0,0.0
2025-09-26,7.2,7.51,6.82,6.96,566300,0.0,0.0
2025-09-25,6.79,7.31,6.63,6.98,413300,0.0,0.0
2025-09-24,6.67,6.99,6.44,6.8,239700,0.0,0.0
2025-09-23,6.55,7.05,6.54,6.65,219700,0.0,0.0
2025-09-22,6.63,6.63,6.38,6.54,112400,0.0,0.0
2025-09-19,6.68,6.75,6.55,6.59,120400,0.0,0.0
2025-09-18,6.53,6.86,6.53,6.72,70900,0.0,0.0
2025-09-17,6.62,6.88,6.5,6.58,105600,0.0,0.0
2025-09-16,6.76,6.94,6.66,6.75,135800,0.0,0.0
2025-09-15,6.81,6.83,6.45,6.69,159800,0.0,0.0
2025-09-12,7.28,7.43,6.75,6.88,197800,0.0,0.0
2025-09-11,7.25,7.5,7.0,7.07,194700,0.0,0.0
2025-09-10,6.8,7.76,6.66,7.56,339200,0.0,0.0
2025-09-09,6.51,7.7,6.51,6.75,351800,0.0,0.0
2025-09-08,7.47,7.67,6.54,6.55,205400,0.0,0.0
2025-09-05,7.94,8.07,7.15,7.46,158300,0.0,0.0
2025-09-04,8.01,8.04,7.61,7.9,179800,0.0,0.0
2025-09-03,8.33,8.33,7.95,8.17,160800,0.0,0.0
2025-09-02,8.29,8.56,8.1,8.46,169500,0.0,0.0
2025-08-29,8.18,8.3,8.0,8.23,134100,0.0,0.0
2025-08-28,8.57,8.66,8.06,8.16,198500,0.0,0.0
2025-08-27,9.25,9.69,8.58,8.58,217100,0.0,0.0
2025-08-26,8.93,9.08,8.69,8.95,79400,0.0,0.0
2025-08-25,8.93,9.17,8.71,8.91,118400,0.0,0.0
2025-08-22,8.83,9.23,8.64,8.93,67200,0.0,0.0
2025-08-21,8.19,8.99,8.05,8.83,126400,0.0,0.0
2025-08-20,8.5,8.55,7.91,8.2,108100,0.0,0.0
2025-08-19,9.62,9.7,8.27,8.49,219000,0.0,0.0
2025-08-18,9.62,10.02,9.38,9.82,174100,0.0,0.0
2025-08-15,10.0,10.0,9.56,9.61,59300,0.0,0.0
2025-08-14,9.93,10.03,9.65,9.97,83300,0.0,0.0
2025-08-13,10.13,10.17,9.84,9.93,126100,0.0,0.0
2025-08-12,10.35,10.35,10.0,10.04,87100,0.0,0.0
2025-08-11,10.4,10.55,10.1,10.29,80300,0.0,0.0
2025-08-08,10.51,10.89,10.31,10.73,74400,0.0,0.0
2025-08-07,10.74,10.97,10.11,10.58,72100,0.0,0.0
2025-08-06,11.17,11.4,10.55,10.56,91500,0.0,0.0
2025-08-05,10.1,11.35,9.95,11.01,285600,0.0,0.0
2025-08-04,9.68,10.17,9.5,10.04,102600,0.0,0.0
2025-08-01,9.43,10.35,8.93,9.64,208500,0.0,0.0
2025-07-31,10.44,10.55,9.3,9.51,336600,0.0,0.0
2025-07-30,11.46,11.46,10.19,10.43,244200,0.0,0.0
2025-07-29,10.51,11.85,10.51,11.8,434200,0.0,0.0
2025-07-28,11.05,11.15,10.51,10.61,82400,0.0,0.0
2025-07-25,11.28,11.28,10.5,10.86,104200,0.0,0.0
2025-07-24,10.72,11.56,10.51,11.19,172900,0.0,0.0
2025-07-23,10.3,11.09,10.3,10.77,114100,0.0,0.0
2025-07-22,9.9,10.63,9.9,10.56,89300,0.0,0.0
2025-07-21,11.0,11.0,9.93,9.94,167100,0.0,0.0
2025-07-18,10.96,11.3,10.8,11.08,159200,0.0,0.0
2025-07-17,10.8,11.05,10.5,10.95,102900,0.0,0.0
2025-07-16,10.3,10.82,10.05,10.66,196800,0.0,0.0
2025-07-15,10.69,10.83,10.34,10.75,148200,0.0,0.0
2025-07-14,11.69,11.82,10.6,10.72,363000,0.0,0.0
2025-07-11,11.21,12.7,10.87,12.17,489100,0.0,0.0
2025-07-10,10.31,11.53,10.13,11.0,596000,0.0,0.0
2025-07-09,9.73,10.65,9.3,9.99,675600,0.0,0.0
2025-07-08,9.31,10.2,9.25,9.81,262100,0.0,0.0
2025-07-07,9.36,9.6,8.51,9.41,296400,0.0,0.0
2025-07-03,9.91,10.1,9.1,9.42,370400,0.0,0.0
2025-07-02,10.76,11.09,9.69,10.3,381700,0.0,0.0
2025-07-01,10.41,12.18,10.01,11.14,484800,0.0,0.0
2025-06-30,11.46,11.9,10.33,10.59,442700,0.0,0.0
2025-06-27,12.32,12.93,11.85,12.02,455800,0.0,0.0
2025-06-26,12.57,14.25,12.55,13.05,569600,0.0,0.0
2025-06-25,12.4,13.98,10.71,12.37,1341400,0.0,0.0
2025-06-24,12.7,13.49,11.55,12.83,2215200,0.0,0.0
2025-06-23,21.27,25.56,17.29,18.54,12760700,0.0,0.0
2025-06-20,15.94,16.0,13.4,14.8,2165400,0.0,0.0
2025-06-18,17.2,18.88,15.61,17.5,5547200,0.0,0.0
2025-06-17,11.88,24.47,11.0,20.0,18270100,0.0,0.0
2025-06-16,13.88,13.88,9.56,10.6,3419400,0.0,0.0
2025-06-13,12.86,19.74,12.74,15.65,28873000,0.0,0.0
2025-06-12,6.73,9.2,5.89,7.14,6393300,0.0,0.0
2025-06-11,4.45,5.74,4.4,5.46,791900,0.0,0.0
2025-06-10,4.26,4.82,3.96,4.39,138100,0.0,0.0
2025-06-09,4.79,5.25,4.32,4.33,94500,0.0,0.1
2025-06-06,5.1,5.1,4.7,4.9,34740,0.0,0.0
2025-06-05,4.8,5.1,4.7,4.8,36030,0.0,0.0
2025-06-04,5.1,5.1,4.6,4.8,45360,0.0,0.0
2025-06-03,4.5,4.9,4.3,4.8,26010,0.0,0.0
2025-06-02,4.6,4.6,3.9,4.4,104920,0.0,0.0
2025-05-30,4.7,4.9,4.5,4.5,42470,0.0,0.0
2025-05-29,6.5,6.5,4.6,4.8,105840,0.0,0.0
2025-05-28,6.9,7.2,6.7,7.1,27470,0.0,0.0
2025-05-27,6.7,6.9,6.5,6.9,11650,0.0,0.0
2025-05-23,6.6,6.8,6.6,6.7,12070,0.0,0.0
2025-05-22,6.8,6.8,6.2,6.5,21720,0.0,0.0
2025-05-21,6.6,7.0,6.4,6.7,34990,0.0,0.0
2025-05-20,6.5,6.7,6.3,6.4,46360,0.0,0.0
2025-05-19,6.1,6.6,6.1,6.3,10970,0.0,0.0
2025-05-16,6.1,6.5,6.1,6.3,13610,0.0,0.0
2025-05-15,6.6,6.8,6.1,6.2,25820,0.0,0.0
2025-05-14,7.3,7.3,6.7,6.8,15010,0.0,0.0
2025-05-13,6.8,7.2,6.5,7.0,40200,0.0,0.0
2025-05-12,6.5,6.7,6.4,6.7,30070,0.0,0.0
2025-05-09,6.5,6.6,6.2,6.3,11140,0.0,0.0
2025-05-08,6.0,6.4,6.0,6.4,21270,0.0,0.0
2025-05-07,6.1,6.3,5.9,6.0,20620,0.0,0.0
2025-05-06,6.1,6.2,5.9,6.0,28210,0.0,0.0
2025-05-05,6.1,6.2,5.9,6.1,9520,0.0,0.0
2025-05-02,6.0,6.3,5.7,6.1,35520,0.0,0.0
2025-05-01,5.8,6.6,5.7,5.8,102150,0.0,0.0
2025-04-30,6.1,6.1,5.7,5.7,15340,0.0,0.0
2025-04-29,6.3,6.3,5.9,6.0,13550,0.0,0.0
2025-04-28,6.3,6.3,5.8,6.1,10770,0.0,0.0
2025-04-25,6.3,6.4,5.8,6.3,12240,0.0,0.0
2025-04-24,5.8,6.1,5.7,6.1,29130,0.0,0.0
2025-04-23,5.5,5.8,5.5,5.6,15000,0.0,0.0
2025-04-22,5.4,5.5,5.2,5.4,17980,0.0,0.0
2025-04-21,5.8,5.8,5.3,5.4,20670,0.0,0.0
2025-04-17,5.6,5.9,5.5,5.7,25140,0.0,0.0
2025-04-16,5.4,5.6,5.3,5.5,14970,0.0,0.0
2025-04-15,5.7,5.7,5.3,5.6,9980,0.0,0.0
2025-04-14,5.9,6.0,5.4,5.6,17110,0.0,0.0
2025-04-11,5.4,5.8,5.2,5.8,38860,0.0,0.0
2025-04-10,5.8,5.8,5.2,5.4,22570,0.0,0.0
2025-04-09,5.3,6.5,5.0,5.5,37200,0.0,0.0
2025-04-08,6.6,6.6,5.2,5.4,39840,0.0,0.0
2025-04-07,6.2,6.9,5.8,6.1,26000,0.0,0.0
2025-04-04,6.5,6.9,6.0,6.2,36430,0.0,0.0
2025-04-03,7.2,7.2,6.7,6.7,29970,0.0,0.0
2025-04-02,7.3,7.7,7.3,7.5,29820,0.0,0.0
2025-04-01,7.8,7.8,7.2,7.4,29690,0.0,0.0
2025-03-31,7.4,7.9,7.2,7.7,64980,0.0,0.0
2025-03-28,7.7,7.8,7.2,7.2,27000,0.0,0.0
2025-03-27,8.3,8.3,7.5,7.8,63990,0.0,0.0
2025-03-26,9.7,10.0,7.8,8.2,141050,0.0,0.0
2025-03-25,10.4,10.4,9.4,9.5,84890,0.0,0.0
2025-03-24,10.5,10.7,10.3,10.3,30010,0.0,0.0
2025-03-21,10.6,10.8,10.5,10.5,25740,0.0,0.0
2025-03-20,11.4,11.4,10.8,10.8,33440,0.0,0.0
2025-03-19,11.3,11.5,11.1,11.2,21250,0.0,0.0
2025-03-18,11.7,11.7,11.1,11.3,21610,0.0,0.0
2025-03-17,10.8,11.7,10.6,11.4,53100,0.0,0.0
2025-03-14,10.3,11.0,10.2,10.7,47900,0.0,0.0
2025-03-13,10.2,10.4,10.0,10.1,11150,0.0,0.0
2025-03-12,10.0,10.4,10.0,10.2,11190,0.0,0.0
2025-03-11,10.0,10.3,9.8,10.0,18630,0.0,0.0
2025-03-10,10.4,10.7,9.9,10.0,38310,0.0,0.0
2025-03-07,10.3,10.8,10.2,10.5,22960,0.0,0.0
2025-03-06,10.6,10.8,10.2,10.2,29050,0.0,0.0
2025-03-05,10.7,10.9,10.3,10.8,26350,0.0,0.0
2025-03-04,10.0,11.1,10.0,10.9,27890,0.0,0.0
2025-03-03,11.5,11.6,10.0,10.3,43540,0.0,0.0
2025-02-28,11.1,11.7,10.8,11.4,22700,0.0,0.0
2025-02-27,11.5,11.8,11.0,11.2,23190,0.0,0.0
2025-02-26,12.1,12.4,11.3,11.5,34610,0.0,0.0
2025-02-25,12.5,12.6,12.0,12.0,19500,0.0,0.0
2025-02-24,13.0,13.0,11.8,12.4,77070,0.0,0.0
2025-02-21,13.8,14.0,13.0,13.1,32460,0.0,0.0
2025-02-20,14.0,14.2,13.4,13.7,26690,0.0,0.0
2025-02-19,14.0,14.9,13.9,14.1,53050,0.0,0.0
2025-02-18,14.3,14.3,13.8,13.9,24240,0.0,0.0
2025-02-14,14.3,14.5,13.8,14.1,22540,0.0,0.0
2025-02-13,13.6,14.3,13.3,14.2,37380,0.0,0.0
2025-02-12,13.9,14.1,13.5,13.7,22620,0.0,0.0
2025-02-11,14.2,14.3,13.5,14.0,31060,0.0,0.0
2025-02-10,13.4,14.3,13.4,13.8,60580,0.0,0.0
2025-02-07,13.6,13.7,13.1,13.2,33710,0.0,0.0
2025-02-06,13.6,13.9,13.1,13.2,47390,0.0,0.0
2025-02-05,14.2,14.2,13.5,13.6,32490,0.0,0.0
2025-02-04,14.2,14.5,13.3,14.0,95970,0.0,0.0
2025-02-03,16.0,17.5,14.6,14.8,341900,0.0,0.0
2025-01-31,15.0,15.0,14.5,14.9,43850,0.0,0.0
2025-01-30,14.7,15.1,14.3,14.8,54070,0.0,0.0
2025-01-29,15.4,16.5,14.5,14.9,121710,0.0,0.0
2025-01-28,15.2,15.9,14.5,15.3,51200,0.0,0.0
2025-01-27,16.0,16.1,14.5,14.9,93100,0.0,0.0
2025-01-24,17.1,17.5,15.8,16.5,107450,0.0,0.0
2025-01-23,18.2,18.7,16.6,16.9,208920,0.0,0.0
2025-01-22,18.5,19.6,18.0,18.4,489940,0.0,0.0
2025-01-21,17.6,32.0,17.2,23.7,3642460,0.0,0.0
2025-01-17,17.2,17.3,16.2,16.7,26160,0.0,0.0
2025-01-16,18.1,18.4,17.1,17.2,34050,0.0,0.0
2025-01-15,16.3,18.8,16.2,18.2,69140,0.0,0.0
2025-01-14,18.1,18.9,15.6,16.3,90740,0.0,0.0
2025-01-13,17.1,20.6,17.1,18.7,196430,0.0,0.0
2025-01-10,15.8,17.8,15.8,16.8,88380,0.0,0.0
2025-01-08,15.9,17.0,15.1,15.4,139800,0.0,0.0
2025-01-07,14.2,15.9,14.2,15.5,53620,0.0,0.0
2025-01-06,14.2,14.8,13.8,14.5,55570,0.0,0.0
2025-01-03,13.8,14.3,13.6,13.9,29520,0.0,0.0
2025-01-02,13.5,13.7,13.0,13.6,27340,0.0,0.0
2024-12-31,13.3,13.8,12.8,12.9,39890,0.0,0.0
2024-12-30,13.5,14.9,13.1,13.5,65560,0.0,0.0
2024-12-27,12.7,13.2,12.6,12.9,11570,0.0,0.0
2024-12-26,12.7,12.7,12.3,12.5,6760,0.0,0.0
2024-12-24,12.2,12.4,12.0,12.4,4890,0.0,0.0
2024-12-23,12.1,12.4,11.9,12.0,13820,0.0,0.0
2024-12-20,12.0,12.3,11.8,12.0,22490,0.0,0.0
2024-12-19,12.9,13.0,12.2,12.2,13870,0.0,0.0
2024-12-18,13.2,13.3,12.6,12.6,12240,0.0,0.0
2024-12-17,13.5,13.5,12.9,13.0,15470,0.0,0.0
2024-12-16,14.1,14.2,13.5,13.6,19180,0.0,0.0
2024-12-13,14.1,14.1,13.4,13.9,22910,0.0,0.0
2024-12-12,13.0,14.2,13.0,13.8,64870,0.0,0.0
2024-12-11,12.9,13.0,12.8,12.9,9640,0.0,0.0
2024-12-10,13.0,13.0,12.8,12.9,5800,0.0,0.0
2024-12-09,12.6,13.2,12.5,12.8,20920,0.0,0.0
2024-12-06,12.6,12.6,12.0,12.6,25270,0.0,0.0
2024-12-05,12.7,12.7,12.5,12.6,11060,0.0,0.0
2024-12-04,13.1,13.3,12.7,12.8,14440,0.0,0.0
2024-12-03,13.1,13.6,13.1,13.2,27180,0.0,0.0
2024-12-02,13.8,13.9,13.3,13.4,22560,0.0,0.0
2024-11-29,13.8,14.1,13.8,13.9,7480,0.0,0.0
2024-11-27,13.7,14.2,13.5,13.8,11310,0.0,0.0
2024-11-26,14.1,14.3,13.7,13.9,16590,0.0,0.0
2024-11-25,14.0,14.5,13.8,13.8,25110,0.0,0.0
2024-11-22,14.1,14.8,14.1,14.6,18780,0.0,0.0
2024-11-21,14.7,15.1,14.1,14.2,16550,0.0,0.0
2024-11-20,15.0,15.3,14.6,14.6,23540,0.0,0.0
2024-11-19,15.0,15.9,14.7,15.3,49830,0.0,0.0
2024-11-18,14.5,15.0,14.3,14.7,36790,0.0,0.0
2024-11-15,15.2,15.4,14.3,14.3,24470,0.0,0.0
2024-11-14,15.0,16.0,14.7,15.3,46360,0.0,0.0
2024-11-13,14.2,15.3,13.6,14.8,65980,0.0,0.0
2024-11-12,13.3,14.3,13.2,14.0,41270,0.0,0.0
2024-11-11,13.0,13.6,12.6,13.3,58550,0.0,0.0
2024-11-08,13.0,13.2,12.6,13.2,38230,0.0,0.0
2024-11-07,13.1,13.5,12.8,13.1,49200,0.0,0.0
2024-11-06,13.5,14.2,13.0,13.5,92700,0.0,0.0
2024-11-05,13.3,13.3,13.0,13.2,24350,0.0,0.0
2024-11-04,13.3,13.4,12.9,13.2,57690,0.0,0.0
2024-11-01,13.5,13.7,12.9,13.0,58450,0.0,0.0
2024-10-31,13.0,13.9,12.8,13.8,135820,0.0,0.0
2024-10-30,13.2,13.5,12.5,12.6,56350,0.0,0.0
2024-10-29,13.3,13.5,12.5,12.5,46260,0.0,0.0
2024-10-28,13.7,14.5,13.3,13.4,126540,0.0,0.0
2024-10-25,14.3,16.1,14.3,16.0,110380,0.0,0.0
2024-10-24,14.1,14.4,13.4,14.4,22730,0.0,0.0
2024-10-23,14.4,14.6,13.6,13.8,28180,0.0,0.0
2024-10-22,15.0,15.0,14.2,14.5,32110,0.0,0.0
2024-10-21,13.7,14.8,13.7,14.8,48380,0.0,0.0
2024-10-18,12.9,13.6,12.8,13.4,23010,0.0,0.0
2024-10-17,12.8,13.2,12.7,12.9,28960,0.0,0.0
2024-10-16,13.2,13.6,13.1,13.2,33620,0.0,0.0
2024-10-15,12.8,13.3,12.5,13.3,56700,0.0,0.0
2024-10-14,14.1,14.4,13.6,13.6,40910,0.0,0.0
2024-10-11,15.0,15.1,13.9,14.4,118230,0.0,0.0
2024-10-10,15.1,15.9,14.2,15.1,162370,0.0,0.0
2024-10-09,14.0,14.4,13.0,14.1,129620,0.0,0.0
2024-10-08,15.4,16.0,14.4,14.7,186300,0.0,0.0
2024-10-07,15.0,18.3,14.5,16.9,456550,0.0,0.0
2024-10-04,14.9,16.3,13.7,14.4,260240,0.0,0.0
2024-10-03,12.5,16.1,12.5,14.9,633710,0.0,0.0
2024-10-02,14.5,14.5,11.5,12.7,476010,0.0,0.0
2024-10-01,10.9,15.5,10.5,13.3,1426150,0.0,0.0
2024-09-30,11.0,11.1,10.9,11.0,22010,0.0,0.0
2024-09-27,10.4,10.9,10.3,10.9,31480,0.0,0.0
2024-09-26,10.5,10.5,10.1,10.3,6550,0.0,0.0
2024-09-25,10.4,10.6,10.3,10.6,6780,0.0,0.0
2024-09-24,10.9,10.9,10.3,10.3,9510,0.0,0.0
2024-09-23,11.0,11.0,10.5,10.6,7730,0.0,0.0
2024-09-20,10.8,10.9,10.5,10.6,7600,0.0,0.0
2024-09-19,10.7,10.7,10.3,10.7,8100,0.0,0.0
2024-09-18,10.7,10.9,10.3,10.3,10550,0.0,0.0
2024-09-17,10.5,10.8,10.4,10.7,9480,0.0,0.0
2024-09-16,10.2,10.5,10.1,10.4,16320,0.0,0.0
2024-09-13,10.1,10.3,10.1,10.1,5400,0.0,0.0
2024-09-12,9.8,10.3,9.8,10.2,15610,0.0,0.0
2024-09-11,10.1,10.3,9.6,9.8,11450,0.0,0.0
2024-09-10,9.9,10.0,9.7,9.9,6280,0.0,0.0
2024-09-09,9.8,10.1,9.7,9.9,11390,0.0,0.0
2024-09-06,9.9,10.4,9.8,9.9,18140,0.0,0.0
2024-09-05,10.0,10.2,9.7,10.0,21300,0.0,0.0
2024-09-04,10.6,10.7,9.7,9.8,51930,0.0,0.0
2024-09-03,11.1,11.2,10.5,10.6,21670,0.0,0.0
2024-08-30,11.1,11.3,11.0,11.2,14950,0.0,0.0
2024-08-29,11.0,11.5,11.0,11.1,44480,0.0,0.0
2024-08-28,11.8,11.8,10.4,11.0,64610,0.0,0.0
2024-08-27,12.0,12.2,11.7,11.7,44730,0.0,0.0
2024-08-26,12.0,12.9,11.5,12.6,175850,0.0,0.0
2024-08-23,11.1,11.6,11.1,11.4,28110,0.0,0.0
2024-08-22,11.2,11.4,10.9,11.3,19180,0.0,0.0
2024-08-21,11.4,11.5,10.7,11.0,47520,0.0,0.0
2024-08-20,11.6,12.2,11.1,11.4,84790,0.0,0.0
2024-08-19,11.8,11.9,11.3,11.8,50540,0.0,0.0
2024-08-16,11.8,12.1,11.7,11.7,77640,0.0,0.0
2024-08-15,12.8,13.0,11.8,11.9,132350,0.0,0.0
2024-08-14,13.0,13.4,12.4,12.7,188060,0.0,0.0
2024-08-13,15.1,15.2,13.0,13.2,178860,0.0,0.0
2024-08-12,14.0,16.4,13.6,15.3,635210,0.0,0.0
2024-08-09,13.6,14.0,13.0,13.2,61370,0.0,0.0
2024-08-08,13.9,15.4,13.6,14.0,167440,0.0,0.0
2024-08-07,12.9,14.7,12.9,13.7,281000,0.0,0.0
2024-08-06,13.6,14.2,12.7,12.9,112230,0.0,0.0
2024-08-05,12.4,15.5,11.6,15.0,411590,0.0,0.0
2024-08-02,12.7,12.8,12.0,12.2,30010,0.0,0.0
2024-08-01,13.8,13.8,12.5,12.6,52610,0.0,0.0
2024-07-31,12.9,13.7,12.0,13.7,39240,0.0,0.0
2024-07-30,12.6,12.9,12.4,12.6,18420,0.0,0.0
2024-07-29,12.4,12.9,12.1,12.5,24320,0.0,0.0
2024-07-26,12.1,12.4,12.1,12.4,5060,0.0,0.0
2024-07-25,12.5,12.5,12.1,12.2,6120,0.0,0.0
2024-07-24,12.1,12.4,12.0,12.3,11630,0.0,0.0
2024-07-23,12.0,12.2,11.7,12.0,7070,0.0,0.0
2024-07-22,12.4,12.4,11.7,11.9,15040,0.0,0.0
2024-07-19,12.4,12.4,12.1,12.1,9610,0.0,0.0
2024-07-18,12.1,12.5,12.1,12.1,6900,0.0,0.0
2024-07-17,12.3,12.7,12.2,12.4,12670,0.0,0.0
2024-07-16,12.0,12.6,11.9,12.3,20600,0.0,0.0
2024-07-15,12.2,12.2,11.5,11.8,16910,0.0,0.0
2024-07-12,12.0,12.1,11.4,11.7,25260,0.0,0.0
2024-07-11,11.9,12.1,11.9,12.0,8710,0.0,0.0
2024-07-10,12.0,12.1,11.7,11.8,10440,0.0,0.0
2024-07-09,12.1,12.2,12.0,12.0,4850,0.0,0.0
2024-07-08,12.4,12.5,12.0,12.0,5730,0.0,0.0
2024-07-05,12.5,12.8,12.4,12.4,12140,0.0,0.0
2024-07-03,12.3,12.8,12.2,12.8,17560,0.0,0.0
2024-07-02,12.5,12.9,12.2,12.2,9670,0.0,0.0
2024-07-01,12.7,12.9,12.4,12.6,25690,0.0,0.0
2024-06-28,12.5,13.0,12.4,12.9,19170,0.0,0.0
2024-06-27,12.3,12.7,12.2,12.7,16200,0.0,0.0
2024-06-26,12.6,12.7,12.2,12.3,12310,0.0,0.0
2024-06-25,12.7,13.3,12.4,12.7,21880,0.0,0.0
2024-06-24,11.8,12.6,11.8,12.5,21990,0.0,0.0
2024-06-21,12.1,12.4,11.8,11.8,28250,0.0,0.0
2024-06-20,12.6,12.8,12.0,12.1,31710,0.0,0.0
2024-06-18,12.1,13.3,12.1,12.4,39760,0.0,0.0
2024-06-17,12.3,12.4,12.1,12.1,28670,0.0,0.0
2024-06-14,12.4,12.7,12.3,12.3,7950,0.0,0.0
2024-06-13,12.7,12.7,12.4,12.4,9560,0.0,0.0
2024-06-12,12.7,12.9,12.5,12.6,22690,0.0,0.0
2024-06-11,12.9,13.0,12.5,12.6,12560,0.0,0.0
2024-06-10,12.8,13.0,12.4,12.7,13760,0.0,0.0
2024-06-07,12.7,13.1,12.6,12.6,9240,0.0,0.0
2024-06-06,12.9,13.0,12.4,12.7,17450,0.0,0.0
2024-06-05,13.3,13.3,12.7,12.7,16810,0.0,0.0
2024-06-04,13.3,13.3,13.1,13.2,8500,0.0,0.0
2024-06-03,13.4,13.4,13.1,13.4,7720,0.0,0.0
2024-05-31,13.1,13.6,13.1,13.3,11630,0.0,0.0
2024-05-30,13.4,13.5,13.0,13.1,13150,0.0,0.0
2024-05-29,13.8,13.8,13.3,13.3,4130,0.0,0.0
2024-05-28,13.2,13.7,13.2,13.6,16490,0.0,0.0
2024-05-24,13.2,13.3,13.0,13.0,7950,0.0,0.0
2024-05-23,13.5,13.8,13.0,13.0,17480,0.0,0.0
2024-05-22,14.1,14.1,13.5,13.5,12090,0.0,0.0
2024-05-21,13.6,14.1,13.6,14.1,9210,0.0,0.0
2024-05-20,14.0,14.7,13.7,13.8,24320,0.0,0.0
2024-05-17,14.2,14.2,13.6,13.8,29140,0.0,0.0
2024-05-16,14.1,14.7,14.0,14.0,19450,0.0,0.0
2024-05-15,14.6,14.7,14.0,14.0,27600,0.0,0.0
2024-05-14,15.0,15.6,14.2,14.4,51700,0.0,0.0
2024-05-13,15.4,15.9,15.0,15.1,35540,0.0,0.0
2024-05-10,15.9,16.2,15.3,15.4,17090,0.0,0.0
2024-05-09,15.6,16.3,15.6,15.8,14580,0.0,0.0
2024-05-08,15.0,16.0,15.0,15.5,38580,0.0,0.0
2024-05-07,15.1,15.5,14.8,15.0,21070,0.0,0.0
2024-05-06,15.5,15.9,15.1,15.1,26160,0.0,0.0
2024-05-03,15.2,16.0,14.9,15.5,19070,0.0,0.0
2024-05-02,15.1,15.5,14.6,15.1,29920,0.0,0.0
2024-05-01,16.0,16.3,15.1,15.3,37500,0.0,0.0
2024-04-30,16.4,17.7,15.9,16.1,99280,0.0,0.0
2024-04-29,16.8,17.6,16.1,16.4,40610,0.0,0.0
2024-04-26,16.4,17.1,16.1,16.7,47360,0.0,0.0
2024-04-25,16.7,16.8,15.8,16.2,53730,0.0,0.0
2024-04-24,16.5,17.7,16.5,17.0,68050,0.0,0.0
2024-04-23,16.9,17.6,16.0,16.4,91260,0.0,0.0
2024-04-22,17.7,18.5,17.0,17.4,81360,0.0,0.0
2024-04-19,17.1,20.8,17.1,19.1,297360,0.0,0.0
2024-04-18,18.5,19.4,16.0,16.7,130360,0.0,0.0
2024-04-17,19.1,20.2,18.0,18.2,83800,0.0,0.0
2024-04-16,21.3,22.0,19.1,19.1,225890,0.0,0.0
2024-04-15,21.5,24.5,18.5,23.1,513410,0.0,0.0
2024-04-12,16.7,25.7,16.7,21.6,1513410,0.0,0.0
2024-04-11,16.5,17.0,15.7,16.0,22040,0.0,0.0
2024-04-10,15.0,16.6,14.2,16.2,80160,0.0,0.0
2024-04-09,15.0,15.7,14.8,14.9,23730,0.0,0.0
2024-04-08,16.5,17.1,15.8,15.9,39820,0.0,0.0
2024-04-05,16.1,18.0,15.8,17.5,76210,0.0,0.0
2024-04-04,14.0,16.8,14.0,16.1,75000,0.0,0.0
2024-04-03,15.0,15.2,13.8,14.3,37840,0.0,0.0
2024-04-02,15.5,17.5,14.8,15.6,179370,0.0,0.0
2024-04-01,13.5,14.3,13.1,14.1,45800,0.0,0.0
2024-03-28,13.2,13.5,13.1,13.3,8680,0.0,0.0
2024-03-27,13.0,13.5,12.9,13.3,5120,0.0,0.0
2024-03-26,13.3,13.6,13.1,13.1,4930,0.0,0.0
2024-03-25,13.7,13.9,13.1,13.6,6290,0.0,0.0
2024-03-22,13.7,13.9,13.2,13.7,6610,0.0,0.0
2024-03-21,13.7,14.0,13.5,13.6,4590,0.0,0.0
2024-03-20,13.8,14.5,13.3,13.4,19330,0.0,0.0
2024-03-19,13.4,13.9,13.3,13.6,8440,0.0,0.0
2024-03-18,13.3,13.7,12.8,13.0,19610,0.0,0.0
2024-03-15,13.3,14.0,13.3,13.3,12830,0.0,0.0
2024-03-14,13.2,13.4,13.1,13.3,6250,0.0,0.0
2024-03-13,13.2,13.4,12.9,12.9,4020,0.0,0.0
2024-03-12,12.8,13.1,12.8,12.8,3100,0.0,0.0
2024-03-11,12.8,13.0,12.7,12.8,2290,0.0,0.0
2024-03-08,12.7,13.2,12.7,12.7,3860,0.0,0.0
2024-03-07,13.3,13.3,12.8,12.8,3850,0.0,0.0
2024-03-06,13.5,13.5,12.8,13.0,4980,0.0,0.0
2024-03-05,13.3,13.5,12.8,13.3,6860,0.0,0.0
2024-03-04,13.7,13.7,13.2,13.2,4270,0.0,0.0
2024-03-01,13.1,13.5,13.1,13.3,4840,0.0,0.0
2024-02-29,13.2,13.6,13.2,13.2,2130,0.0,0.0
2024-02-28,13.4,13.6,13.0,13.0,2100,0.0,0.0
2024-02-27,13.1,13.8,12.8,13.4,7670,0.0,0.0
2024-02-26,13.4,13.4,12.7,13.1,4660,0.0,0.0
2024-02-23,13.1,13.5,12.9,13.0,7760,0.0,0.0
2024-02-22,14.6,14.6,12.8,13.0,24770,0.0,0.0
2024-02-21,14.5,14.9,14.5,14.5,3050,0.0,0.0
2024-02-20,14.7,14.9,14.4,14.6,3870,0.0,0.0
2024-02-16,14.6,14.9,14.5,14.7,4510,0.0,0.0
2024-02-15,14.3,14.9,14.3,14.7,7150,0.0,0.0
2024-02-14,14.4,14.6,14.2,14.4,5720,0.0,0.0
2024-02-13,14.1,14.4,14.1,14.2,4640,0.0,0.0
2024-02-12,14.3,14.6,14.3,14.3,3690,0.0,0.0
2024-02-09,14.3,14.7,14.1,14.4,4510,0.0,0.0
2024-02-08,14.2,14.6,14.2,14.4,6150,0.0,0.0
2024-02-07,14.5,14.8,13.8,14.3,8000,0.0,0.0
2024-02-06,15.4,15.4,14.5,14.6,12930,0.0,0.0
2024-02-05,15.6,15.7,15.0,15.1,9510,0.0,0.0
2024-02-02,15.3,15.8,15.1,15.5,8050,0.0,0.0
2024-02-01,15.6,15.7,15.3,15.4,12380,0.0,0.0
2024-01-31,15.9,16.0,15.5,15.5,7930,0.0,0.0
2024-01-30,15.9,16.3,15.3,15.7,20510,0.0,0.0
2024-01-29,16.1,16.4,15.8,16.1,9530,0.0,0.0
2024-01-26,16.3,16.7,15.7,16.1,17600,0.0,0.0
2024-01-25,16.3,16.7,16.1,16.7,11830,0.0,0.0
2024-01-24,16.3,16.9,15.8,16.1,5140,0.0,0.0
2024-01-23,16.3,16.4,15.9,16.0,4940,0.0,0.0
2024-01-22,15.7,16.5,15.7,16.0,13470,0.0,0.0
2024-01-19,16.0,16.3,15.5,15.6,9690,0.0,0.0
2024-01-18,15.7,16.3,15.3,16.3,17520,0.0,0.0
2024-01-17,16.1,16.4,15.5,15.8,14570,0.0,0.0
2024-01-16,16.7,17.0,16.2,16.3,15000,0.0,0.0
2024-01-12,17.1,17.3,16.5,17.0,18340,0.0,0.0
2024-01-11,16.6,16.6,16.0,16.4,9210,0.0,0.0
2024-01-10,17.1,17.1,16.4,16.4,8820,0.0,0.0
2024-01-09,16.8,17.1,16.5,16.9,6580,0.0,0.0
2024-01-08,17.3,17.5,16.4,16.7,12370,0.0,0.0
2024-01-05,17.9,18.0,17.5,17.5,7490,0.0,0.0
2024-01-04,18.2,18.2,17.8,18.0,5350,0.0,0.0
2024-01-03,17.9,18.4,17.7,18.4,9100,0.0,0.0
2024-01-02,18.1,18.5,17.6,17.9,11690,0.0,0.0
2023-12-29,17.9,18.3,17.7,17.9,7630,0.0,0.0
2023-12-28,18.0,18.5,17.8,18.1,8000,0.0,0.0
2023-12-27,18.3,18.8,18.0,18.5,10120,0.0,0.0
2023-12-26,18.0,19.0,17.5,18.6,22060,0.0,0.0
2023-12-22,18.0,18.4,17.5,17.7,9760,0.0,0.0
2023-12-21,18.0,18.2,17.4,17.9,9050,0.0,0.0
2023-12-20,17.7,18.8,17.7,18.0,30530,0.0,0.0
2023-12-19,17.1,18.2,17.1,17.7,13490,0.0,0.0
2023-12-18,17.5,18.2,16.7,17.0,26360,0.0,0.0
2023-12-15,17.0,17.3,16.7,17.0,12850,0.0,0.0
2023-12-14,16.9,17.4,16.8,16.8,12230,0.0,0.0
2023-12-13,16.9,17.1,16.0,16.6,20500,0.0,0.0
2023-12-12,17.3,17.4,17.0,17.0,10250,0.0,0.0
2023-12-11,17.7,17.7,17.2,17.5,8990,0.0,0.0
2023-12-08,17.7,17.9,17.3,17.6,7790,0.0,0.0
2023-12-07,17.5,18.2,16.9,17.8,17310,0.0,0.0
2023-12-06,17.2,18.3,16.8,17.3,39280,0.0,0.0
2023-12-05,17.7,17.7,17.2,17.5,8100,0.0,0.0
2023-12-04,17.6,18.2,17.5,17.9,7060,0.0,0.0
2023-12-01,17.7,18.2,17.4,17.7,11470,0.0,0.0
2023-11-30,17.6,18.5,17.3,17.5,20210,0.0,0.0
2023-11-29,17.7,18.0,17.6,17.6,8620,0.0,0.0
2023-11-28,17.5,18.2,17.2,17.8,19950,0.0,0.0
2023-11-27,17.2,17.6,17.1,17.1,7460,0.0,0.0
2023-11-24,17.8,17.8,16.9,17.4,10200,0.0,0.0
2023-11-22,17.1,17.9,17.1,17.7,10740,0.0,0.0
2023-11-21,17.3,18.1,17.2,17.3,14040,0.0,0.0
2023-11-20,17.4,18.0,17.3,17.5,12080,0.0,0.0
2023-11-17,17.7,17.9,17.2,17.3,15620,0.0,0.0
2023-11-16,18.0,18.1,16.8,17.5,21540,0.0,0.0
2023-11-15,18.1,18.6,17.9,18.2,11940,0.0,0.0
2023-11-14,17.7,20.0,17.7,18.2,24880,0.0,0.0
2023-11-13,18.4,18.4,17.7,17.9,10850,0.0,0.0
2023-11-10,18.5,18.5,18.0,18.2,10890,0.0,0.0
2023-11-09,18.1,18.7,17.9,18.3,13990,0.0,0.0
2023-11-08,18.4,18.6,17.4,17.8,13560,0.0,0.0
2023-11-07,18.9,18.9,17.5,18.5,26270,0.0,0.0
2023-11-06,19.8,20.4,19.0,19.1,21340,0.0,0.0
2023-11-03,19.5,20.3,19.4,19.9,16100,0.0,0.0
2023-11-02,19.5,20.0,18.9,19.7,12910,0.0,0.0
2023-11-01,19.3,19.8,18.8,19.3,19480,0.0,0.0
2023-10-31,20.1,20.5,19.2,19.2,19530,0.0,0.0
2023-10-30,21.5,21.7,19.6,20.3,37240,0.0,0.0
2023-10-27,21.0,22.5,19.9,21.6,51680,0.0,0.0
2023-10-26,21.4,21.4,19.7,20.3,36140,0.0,0.0
2023-10-25,21.5,22.0,20.6,21.3,26120,0.0,0.0
2023-10-24,21.7,22.3,21.3,21.8,20890,0.0,0.0
2023-10-23,22.9,23.7,21.6,21.8,37620,0.0,0.0
2023-10-20,24.8,24.9,22.4,24.1,70940,0.0,0.0
2023-10-19,22.5,25.0,21.5,25.0,94300,0.0,0.0
2023-10-18,23.9,28.1,23.2,23.6,172290,0.0,0.0
2023-10-17,21.6,23.6,21.6,23.2,31180,0.0,0.0
2023-10-16,22.7,22.8,21.0,22.2,49850,0.0,0.0
2023-10-13,20.1,23.2,19.4,22.7,89670,0.0,0.0
2023-10-12,19.6,19.6,18.4,18.9,23170,0.0,0.0
2023-10-11,20.7,20.7,18.5,19.9,41500,0.0,0.0
2023-10-10,21.8,22.4,20.3,21.0,73070,0.0,0.0
2023-10-09,19.4,23.9,19.4,22.2,417570,0.0,0.0
2023-10-06,17.2,17.5,16.7,17.5,4310,0.0,0.0
2023-10-05,16.7,17.6,16.7,16.9,5910,0.0,0.0
2023-10-04,17.7,17.9,16.7,17.2,14400,0.0,0.0
2023-10-03,18.1,18.1,17.6,18.1,7290,0.0,0.0
2023-10-02,19.2,19.7,17.6,17.9,27210,0.0,0.0
2023-09-29,19.7,20.5,19.4,19.5,9500,0.0,0.0
2023-09-28,21.6,21.6,19.0,19.7,19810,0.0,0.0
2023-09-27,20.3,22.5,20.2,21.1,27960,0.0,0.0
2023-09-26,20.0,20.4,19.6,20.0,4200,0.0,0.0
2023-09-25,20.0,20.5,19.4,19.6,7000,0.0,0.0
2023-09-22,20.1,20.7,19.7,20.1,3350,0.0,0.0
2023-09-21,20.9,20.9,19.4,19.8,9410,0.0,0.0
2023-09-20,20.3,21.0,20.3,20.4,5180,0.0,0.0
2023-09-19,21.4,22.4,20.5,20.5,14090,0.0,0.0
2023-09-18,22.1,22.4,21.1,21.8,8720,0.0,0.0
2023-09-15,22.2,22.3,21.3,22.3,5310,0.0,0.0
2023-09-14,21.2,22.2,21.2,21.9,16430,0.0,0.0
2023-09-13,22.8,23.3,20.5,20.5,19790,0.0,0.0
2023-09-12,22.7,23.8,22.2,22.3,17550,0.0,0.0
2023-09-11,21.9,23.0,21.8,22.4,7590,0.0,0.0
2023-09-08,22.2,22.4,21.9,22.1,7880,0.0,0.0
2023-09-07,21.9,22.8,21.4,22.4,11420,0.0,0.0
2023-09-06,21.8,22.4,21.1,21.7,11130,0.0,0.0
2023-09-05,25.0,25.0,21.3,22.4,53300,0.0,0.0
2023-09-01,19.6,22.8,19.3,22.1,44390,0.0,0.0
2023-08-31,18.5,19.8,18.1,19.3,16270,0.0,0.0
2023-08-30,18.1,18.5,18.0,18.1,4470,0.0,0.0
2023-08-29,17.7,18.4,17.7,18.1,6250,0.0,0.0
2023-08-28,17.8,17.9,17.5,17.6,1970,0.0,0.0
2023-08-25,18.0,18.1,17.3,17.9,6560,0.0,0.0
2023-08-24,18.3,18.3,17.5,17.9,4210,0.0,0.0
2023-08-23,18.5,18.5,18.0,18.4,1980,0.0,0.0
2023-08-22,18.8,19.0,18.2,18.5,6090,0.0,0.0
2023-08-21,18.5,19.2,18.2,18.6,8850,0.0,0.0
2023-08-18,18.3,18.9,17.8,18.4,8380,0.0,0.0
2023-08-17,19.0,19.6,18.7,18.7,6180,0.0,0.0
2023-08-16,21.0,21.4,18.3,19.0,35700,0.0,0.0
2023-08-15,21.9,22.2,21.0,21.5,8890,0.0,0.0
2023-08-14,22.6,22.7,22.0,22.6,4540,0.0,0.0
2023-08-11,23.0,23.3,22.6,22.8,4710,0.0,0.0
2023-08-10,23.4,24.1,22.8,23.0,6230,0.0,0.0
2023-08-09,23.6,25.3,23.0,23.4,35200,0.0,0.0
2023-08-08,23.6,23.7,22.9,22.9,5980,0.0,0.0
2023-08-07,22.9,24.0,22.8,23.7,5590,0.0,0.0
2023-08-04,23.4,24.4,22.8,22.8,12140,0.0,0.0
2023-08-03,22.8,23.8,22.5,23.4,8390,0.0,0.0
2023-08-02,23.1,23.4,22.3,23.0,9970,0.0,0.0
2023-08-01,23.4,23.6,22.5,23.4,7950,0.0,0.0
2023-07-31,23.4,24.3,22.6,23.6,25300,0.0,0.0
2023-07-28,22.5,22.9,21.9,22.6,11360,0.0,0.0
2023-07-27,22.8,23.3,21.9,21.9,11840,0.0,0.0
2023-07-26,23.0,23.5,22.6,23.0,3390,0.0,0.0
2023-07-25,23.0,23.7,22.5,23.2,10420,0.0,0.0
2023-07-24,21.6,23.0,21.6,23.0,22400,0.0,0.0
2023-07-21,21.5,22.1,21.2,21.6,9550,0.0,0.0
2023-07-20,21.4,21.9,21.0,21.2,11120,0.0,0.0
2023-07-19,21.8,22.6,21.2,21.4,8910,0.0,0.0
2023-07-18,21.5,22.4,21.5,22.0,4200,0.0,0.0
2023-07-17,21.1,22.1,21.0,21.5,10130,0.0,0.0
2023-07-14,22.9,23.3,21.5,21.7,10710,0.0,0.0
2023-07-13,23.7,25.2,22.4,23.0,42780,0.0,0.0
2023-07-12,21.1,23.2,21.1,22.8,45920,0.0,0.0
2023-07-11,20.7,21.8,20.4,21.2,10390,0.0,0.0
2023-07-10,20.9,21.2,20.1,20.4,9750,0.0,0.0
2023-07-07,20.6,21.4,20.6,21.0,5910,0.0,0.0
2023-07-06,21.0,21.0,20.4,20.9,5450,0.0,0.0
2023-07-05,20.8,21.3,20.8,20.8,4500,0.0,0.0
2023-07-03,21.3,21.6,20.8,21.2,4180,0.0,0.0
2023-06-30,21.3,21.4,20.8,21.3,4070,0.0,0.0
2023-06-29,20.6,21.4,20.6,21.0,3240,0.0,0.0
2023-06-28,21.6,21.6,20.6,20.6,5330,0.0,0.0
2023-06-27,22.4,22.4,20.8,20.9,4250,0.0,0.0
2023-06-26,20.3,21.1,20.3,20.9,3950,0.0,0.0
2023-06-23,20.8,21.4,20.2,20.2,10300,0.0,0.0
2023-06-22,21.9,21.9,21.1,21.1,12150,0.0,0.0
2023-06-21,21.7,22.5,21.6,21.6,12360,0.0,0.0
2023-06-20,22.3,22.3,21.5,21.9,6810,0.0,0.0
2023-06-16,23.1,23.1,22.1,22.1,6370,0.0,0.0
2023-06-15,22.1,23.0,22.1,22.6,8190,0.0,0.0
2023-06-14,22.9,23.4,22.1,22.2,6610,0.0,0.0
2023-06-13,23.7,24.3,22.8,23.2,12850,0.0,0.0
2023-06-12,23.6,23.9,22.8,23.5,7540,0.0,0.0
2023-06-09,24.2,24.2,23.2,23.9,7530,0.0,0.0
2023-06-08,24.5,24.8,23.6,24.7,8650,0.0,0.0
2023-06-07,24.2,25.3,24.2,24.3,9180,0.0,0.0
2023-06-06,23.8,25.1,23.2,24.2,11040,0.0,0.0
2023-06-05,26.0,26.2,23.4,24.1,18130,0.0,0.0
2023-06-02,22.4,23.9,22.3,23.3,9580,0.0,0.0
2023-06-01,22.5,23.5,22.1,22.6,10720,0.0,0.0
2023-05-31,22.3,23.0,22.2,22.4,3320,0.0,0.0
2023-05-30,23.9,23.9,22.5,23.0,12830,0.0,0.0
2023-05-26,23.5,24.0,22.8,23.9,10870,0.0,0.0
2023-05-25,24.9,24.9,23.2,23.6,7760,0.0,0.0
2023-05-24,23.3,24.9,22.9,24.8,20440,0.0,0.0
2023-05-23,23.2,23.3,22.7,23.1,3890,0.0,0.0
2023-05-22,23.3,23.6,22.5,22.8,7930,0.0,0.0
2023-05-19,23.0,23.5,22.5,22.5,10930,0.0,0.0
2023-05-18,21.3,22.8,21.3,22.1,8050,0.0,0.0
2023-05-17,21.5,22.2,21.5,21.6,4670,0.0,0.0
2023-05-16,22.2,22.2,21.5,21.9,4410,0.0,0.0
2023-05-15,22.4,22.4,21.9,21.9,5150,0.0,0.0
2023-05-12,22.0,22.0,21.5,21.6,4870,0.0,0.0
2023-05-11,21.6,22.0,21.4,21.5,3350,0.0,0.0
2023-05-10,22.2,22.3,21.6,21.9,6560,0.0,0.0
2023-05-09,21.8,22.4,21.3,22.4,8290,0.0,0.0
2023-05-08,21.8,22.8,21.7,22.3,16560,0.0,0.0
2023-05-05,22.0,22.6,21.3,21.3,14010,0.0,0.0
2023-05-04,21.3,21.5,20.8,21.3,5800,0.0,0.0
2023-05-03,21.1,21.5,20.7,20.9,7760,0.0,0.0
2023-05-02,22.2,22.4,20.9,21.3,13290,0.0,0.0
2023-05-01,22.6,22.8,21.7,22.1,14990,0.0,0.0
2023-04-28,21.5,22.7,21.3,22.5,12030,0.0,0.0
2023-04-27,22.2,22.2,21.1,21.7,12020,0.0,0.0
2023-04-26,22.0,22.4,21.7,22.0,6650,0.0,0.0
2023-04-25,23.2,23.4,21.4,21.4,18090,0.0,0.0
2023-04-24,23.5,24.0,23.2,23.8,8900,0.0,0.0
2023-04-21,23.9,24.6,23.5,24.2,12030,0.0,0.0
2023-04-20,23.9,25.1,23.3,24.1,17050,0.0,0.0
2023-04-19,25.1,25.7,24.3,24.3,16550,0.0,0.0
2023-04-18,25.9,26.4,25.2,25.7,15690,0.0,0.0
2023-04-17,27.1,27.1,25.7,26.2,13310,0.0,0.0
2023-04-14,26.4,26.8,25.9,26.7,8500,0.0,0.0
2023-04-13,28.1,28.1,26.4,26.4,14700,0.0,0.0
2023-04-12,27.8,28.7,27.6,27.6,24930,0.0,0.0
2023-04-11,27.3,28.2,27.1,27.8,11900,0.0,0.0
2023-04-10,27.7,28.3,27.2,27.4,9190,0.0,0.0
2023-04-06,26.6,28.4,26.6,28.0,21250,0.0,0.0
2023-04-05,28.0,28.5,26.6,27.4,20630,0.0,0.0
2023-04-04,29.3,29.5,27.5,29.0,60540,0.0,0.0
2023-04-03,29.9,31.2,28.0,29.0,362670,0.0,0.0
2023-03-31,25.7,26.7,25.7,25.9,35650,0.0,0.0
2023-03-30,27.5,27.5,26.2,26.3,4860,0.0,0.0
2023-03-29,27.0,27.4,25.6,26.9,8860,0.0,0.0
2023-03-28,26.3,27.5,25.8,26.0,8670,0.0,0.0
2023-03-27,25.0,27.1,24.6,26.5,23270,0.0,0.0
2023-03-24,24.2,25.2,24.2,25.0,4530,0.0,0.0
2023-03-23,24.7,25.7,24.6,24.7,8360,0.0,0.0
2023-03-22,26.1,26.7,24.9,24.9,7150,0.0,0.0
2023-03-21,25.2,26.7,24.9,26.0,11960,0.0,0.0
2023-03-20,24.1,25.4,23.5,24.7,11960,0.0,0.0
2023-03-17,25.0,25.0,23.5,23.6,9770,0.0,0.0
2023-03-16,24.2,25.2,23.0,25.0,12070,0.0,0.0
2023-03-15,25.8,25.9,24.1,24.7,17780,0.0,0.0
2023-03-14,28.3,29.2,26.5,27.0,23800,0.0,0.0
2023-03-13,27.0,29.1,25.9,28.5,23140,0.0,0.0
2023-03-10,30.1,30.5,28.1,28.2,12350,0.0,0.0
2023-03-09,31.0,31.0,30.1,30.6,7970,0.0,0.0
2023-03-08,30.7,31.7,30.4,30.4,13250,0.0,0.0
2023-03-07,31.8,32.0,30.7,30.8,11560,0.0,0.0
2023-03-06,32.8,32.8,31.3,31.9,10910,0.0,0.0
2023-03-03,32.3,33.0,31.8,32.5,17940,0.0,0.0
2023-03-02,31.9,32.7,31.9,32.0,10060,0.0,0.0
2023-03-01,32.8,33.8,32.0,32.0,15420,0.0,0.0
2023-02-28,34.2,34.3,32.6,32.7,7140,0.0,0.0
2023-02-27,33.4,34.5,33.4,34.0,3760,0.0,0.0
2023-02-24,33.3,34.1,33.0,34.1,4370,0.0,0.0
2023-02-23,34.3,34.6,33.2,34.0,7430,0.0,0.0
2023-02-22,33.0,34.4,32.8,34.0,8160,0.0,0.0
2023-02-21,34.4,34.7,32.3,32.3,11660,0.0,0.0
2023-02-17,36.3,36.5,34.5,34.7,13880,0.0,0.0
2023-02-16,37.0,37.6,36.4,36.8,9050,0.0,0.0
2023-02-15,37.3,37.9,36.6,37.8,7950,0.0,0.0
2023-02-14,36.1,37.4,36.1,36.8,7000,0.0,0.0
2023-02-13,37.2,38.2,36.2,36.6,26510,0.0,0.0
2023-02-10,35.7,38.0,35.6,37.5,41510,0.0,0.0
2023-02-09,36.7,36.9,35.4,35.4,11520,0.0,0.0
2023-02-08,37.4,38.3,36.7,36.7,13290,0.0,0.0
2023-02-07,37.3,38.5,36.7,36.8,12790,0.0,0.0
2023-02-06,36.4,37.8,35.5,37.8,12980,0.0,0.0
2023-02-03,36.0,37.3,35.9,35.9,9090,0.0,0.0
2023-02-02,37.0,37.0,35.8,36.0,11050,0.0,0.0
2023-02-01,36.7,37.4,35.3,37.1,8280,0.0,0.0
2023-01-31,35.6,36.8,35.6,36.2,7790,0.0,0.0
2023-01-30,36.8,37.6,35.9,35.9,10330,0.0,0.0
2023-01-27,37.5,38.3,37.1,37.8,11720,0.0,0.0
2023-01-26,38.9,39.5,37.5,37.5,4560,0.0,0.0
2023-01-25,38.0,39.9,36.5,39.1,11940,0.0,0.0
2023-01-24,39.2,39.7,38.2,38.6,6690,0.0,0.0
2023-01-23,38.9,40.3,38.7,39.7,20110,0.0,0.0
2023-01-20,38.6,39.2,37.9,38.6,7370,0.0,0.0
2023-01-19,37.1,39.4,37.1,39.1,10900,0.0,0.0
2023-01-18,38.1,38.5,36.6,37.2,6660,0.0,0.0
2023-01-17,37.8,38.5,37.0,37.0,8450,0.0,0.0
2023-01-13,37.3,38.6,36.8,37.7,18730,0.0,0.0
2023-01-12,36.0,39.1,36.0,37.5,28610,0.0,0.0
2023-01-11,35.0,35.9,34.5,35.4,11360,0.0,0.0
2023-01-10,33.7,34.7,33.1,34.6,6840,0.0,0.0
2023-01-09,33.6,35.5,33.6,33.8,33990,0.0,0.0
2023-01-06,32.2,33.5,32.2,33.2,18480,0.0,0.0
2023-01-05,31.7,33.5,31.7,32.3,16300,0.0,0.0
2023-01-04,32.3,32.4,31.5,32.3,15660,0.0,0.0
2023-01-03,34.9,34.9,31.7,32.5,12370,0.0,0.0
2022-12-30,32.7,34.8,32.3,34.4,17210,0.0,0.0
2022-12-29,31.9,33.5,31.5,32.5,23950,0.0,0.0
2022-12-28,34.9,35.0,31.7,32.8,37170,0.0,0.0
2022-12-27,36.3,36.4,35.1,35.1,12750,0.0,0.0
2022-12-23,36.6,37.0,35.7,35.9,15960,0.0,0.0
2022-12-22,36.8,36.8,35.2,35.9,17840,0.0,0.0
2022-12-21,37.9,37.9,36.3,36.7,20900,0.0,0.0
2022-12-20,35.5,37.8,35.5,36.6,25990,0.0,0.0
2022-12-19,38.7,39.0,35.5,35.7,33090,0.0,0.0
2022-12-16,38.6,39.5,38.2,39.1,12970,0.0,0.0
2022-12-15,38.8,39.7,37.8,38.9,11810,0.0,0.0
2022-12-14,37.6,39.3,37.3,38.1,20630,0.0,0.0
2022-12-13,38.0,39.4,37.2,37.8,34020,0.0,0.0
2022-12-12,37.5,38.7,37.2,38.0,14210,0.0,0.0
2022-12-09,37.8,38.3,37.4,37.5,9200,0.0,0.0
2022-12-08,38.5,38.8,37.5,37.5,11690,0.0,0.0
2022-12-07,38.3,38.5,37.2,38.5,9060,0.0,0.0
2022-12-06,38.8,38.8,37.4,37.5,14610,0.0,0.0
2022-12-05,40.2,40.3,38.0,38.4,19300,0.0,0.0
2022-12-02,39.9,40.6,39.0,40.0,23530,0.0,0.0
2022-12-01,40.9,40.9,39.2,39.8,26100,0.0,0.0
2022-11-30,39.3,40.7,39.1,40.0,35630,0.0,0.0
2022-11-29,38.8,42.4,38.8,39.9,94470,0.0,0.0
2022-11-28,38.0,40.2,37.8,39.0,35980,0.0,0.0
2022-11-25,40.5,40.7,38.8,39.2,10770,0.0,0.0
2022-11-23,38.8,40.7,38.8,39.7,10360,0.0,0.0
2022-11-22,40.1,40.7,39.6,40.0,44950,0.0,0.0
2022-11-21,39.7,40.0,37.3,40.0,57550,0.0,0.0
2022-11-18,41.0,41.5,39.3,41.5,15990,0.0,0.0
2022-11-17,41.1,42.2,40.4,41.6,20930,0.0,0.0
2022-11-16,45.2,45.4,41.6,41.9,30060,0.0,0.0
2022-11-15,43.4,46.8,42.2,46.0,104800,0.0,0.0
2022-11-14,44.4,46.0,42.1,44.0,40650,0.0,0.0
2022-11-11,43.0,45.0,42.1,44.8,69470,0.0,0.0
2022-11-10,36.6,46.4,35.5,42.5,307940,0.0,0.0
2022-11-09,36.2,37.0,35.6,35.6,39640,0.0,0.0
2022-11-08,39.1,39.4,36.6,37.3,52570,0.0,0.0
2022-11-07,38.0,41.3,38.0,39.0,101110,0.0,0.0
2022-11-04,38.5,39.3,36.3,38.0,79130,0.0,0.0
2022-11-03,37.4,38.5,36.6,37.2,37570,0.0,0.0
2022-11-02,38.5,39.4,36.9,37.1,77300,0.0,0.0
2022-11-01,38.3,39.6,38.0,38.5,77700,0.0,0.0
2022-10-31,35.5,38.2,35.5,38.1,75600,0.0,0.0
2022-10-28,37.7,38.5,35.3,35.9,74180,0.0,0.0
2022-10-27,38.9,40.4,37.5,38.0,127900,0.0,0.0
2022-10-26,40.6,41.9,38.5,38.5,135340,0.0,0.0
2022-10-25,39.6,40.8,39.0,39.6,66450,0.0,0.0
2022-10-24,40.0,40.8,39.0,39.9,26080,0.0,0.0
2022-10-21,38.6,40.6,38.5,40.3,33350,0.0,0.0
2022-10-20,40.3,41.8,38.2,38.8,67250,0.0,0.0
2022-10-19,37.4,41.1,37.1,39.5,110520,0.0,0.0
2022-10-18,38.1,39.0,36.8,37.4,28050,0.0,0.0
2022-10-17,37.5,38.9,36.2,38.1,37030,0.0,0.0
2022-10-14,38.4,38.5,35.8,36.1,24640,0.0,0.0
2022-10-13,35.0,38.6,34.3,38.1,79780,0.0,0.0
2022-10-12,36.5,36.8,35.2,35.4,51300,0.0,0.0
2022-10-11,37.8,39.0,36.0,36.6,68540,0.0,0.0
