Date,Close,High,Low,Open,Volume,Dividends,Stock Splits,Symbol
2025-10-01,138.58,138.98,128.19,128.34,4333300,0.0,0.0,A
2025-09-30,128.35,128.39,123.01,123.42,2417900,0.248,0.0,A
2025-09-29,123.5,123.98,122.32,123.51,1486100,0.0,0.0,A
2025-09-26,123.14,123.8,121.31,121.81,1167100,0.0,0.0,A
2025-09-25,121.65,123.41,120.54,123.41,1411800,0.0,0.0,A
2025-09-24,124.13,125.71,123.83,124.92,1239900,0.0,0.0,A
2025-09-23,125.69,126.74,125.65,125.92,1281500,0.0,0.0,A
2025-09-22,126.08,126.37,124.92,125.25,976700,0.0,0.0,A
2025-09-19,126.07,128.29,125.77,128.02,2844300,0.0,0.0,A
2025-09-18,127.36,128.28,126.51,127.5,1513200,0.0,0.0,A
2025-09-17,126.47,129.82,126.13,127.46,1921700,0.0,0.0,A
2025-09-16,126.94,127.32,124.77,125.38,1721100,0.0,0.0,A
2025-09-15,125.38,126.16,123.45,123.74,2084900,0.0,0.0,A
2025-09-12,122.99,126.28,122.88,126.2,1250800,0.0,0.0,A
2025-09-11,126.48,126.8,124.62,125.26,1474100,0.0,0.0,A
2025-09-10,123.87,126.47,123.76,125.67,1669500,0.0,0.0,A
2025-09-09,126.0,128.0,125.6,127.84,1470300,0.0,0.0,A
2025-09-08,127.87,128.16,126.03,127.22,2136200,0.0,0.0,A
2025-09-05,128.49,130.74,128.13,128.46,1633200,0.0,0.0,A
2025-09-04,128.22,128.57,123.55,124.75,2715400,0.0,0.0,A
2025-09-03,124.97,125.58,123.47,124.71,2497300,0.0,0.0,A
2025-09-02,124.96,125.27,121.56,124.63,2412700,0.0,0.0,A
2025-08-29,125.41,126.05,123.86,124.75,1781200,0.0,0.0,A
2025-08-28,124.71,125.17,117.96,118.56,3886400,0.0,0.0,A
2025-08-27,118.45,118.96,117.27,118.26,1698600,0.0,0.0,A
2025-08-26,118.06,119.39,117.87,118.99,1898200,0.0,0.0,A
2025-08-25,118.91,121.45,118.24,121.26,1482500,0.0,0.0,A
2025-08-22,121.39,122.16,117.23,118.03,1291000,0.0,0.0,A
2025-08-21,116.92,118.46,116.8,118.25,744700,0.0,0.0,A
2025-08-20,118.87,120.22,118.04,119.63,1431900,0.0,0.0,A
2025-08-19,119.87,120.35,117.91,118.26,1313500,0.0,0.0,A
2025-08-18,117.91,119.36,117.91,118.88,1021100,0.0,0.0,A
2025-08-15,118.96,119.72,118.25,119.37,1238500,0.0,0.0,A
2025-08-14,118.63,119.17,117.91,118.99,926300,0.0,0.0,A
2025-08-13,120.05,120.16,117.62,117.82,983500,0.0,0.0,A
2025-08-12,117.08,117.13,114.17,114.28,917400,0.0,0.0,A
2025-08-11,113.9,115.44,113.5,114.81,1082300,0.0,0.0,A
2025-08-08,114.39,114.77,113.16,114.08,1129700,0.0,0.0,A
2025-08-07,113.75,114.69,112.93,114.27,1157400,0.0,0.0,A
2025-08-06,113.0,114.85,112.33,114.85,1058700,0.0,0.0,A
2025-08-05,114.66,115.2,114.02,114.58,1271000,0.0,0.0,A
2025-08-04,114.61,114.8,111.79,112.94,1343200,0.0,0.0,A
2025-08-01,113.27,114.09,110.97,113.22,1888600,0.0,0.0,A
2025-07-31,114.58,118.1,114.24,116.34,2339500,0.0,0.0,A
2025-07-30,117.81,120.22,117.0,120.0,979100,0.0,0.0,A
2025-07-29,119.6,120.27,118.62,119.51,1212200,0.0,0.0,A
2025-07-28,119.3,120.53,118.48,119.17,1679100,0.0,0.0,A
2025-07-25,119.94,120.77,118.78,120.26,1972700,0.0,0.0,A
2025-07-24,120.11,122.5,119.19,119.19,1602800,0.0,0.0,A
2025-07-23,119.23,120.55,117.24,119.14,1939700,0.0,0.0,A
2025-07-22,115.96,116.82,111.92,112.62,1692000,0.0,0.0,A
2025-07-21,111.82,113.43,110.53,113.0,2060800,0.0,0.0,A
2025-07-18,113.76,116.97,113.3,116.59,1521800,0.0,0.0,A
2025-07-17,116.13,116.34,113.02,113.87,1552900,0.0,0.0,A
2025-07-16,113.2,114.23,111.64,113.23,2248800,0.0,0.0,A
2025-07-15,112.71,119.52,111.71,117.76,3950600,0.0,0.0,A
2025-07-14,119.84,121.62,119.03,121.6,2028700,0.0,0.0,A
2025-07-11,123.03,123.41,122.09,122.68,1383000,0.0,0.0,A
2025-07-10,123.92,126.19,120.7,121.39,2269500,0.0,0.0,A
2025-07-09,121.06,122.1,118.66,121.16,1806700,0.0,0.0,A
2025-07-08,120.77,122.86,119.04,119.34,1917000,0.0,0.0,A
2025-07-07,119.01,120.51,117.86,120.16,1459900,0.0,0.0,A
2025-07-03,121.14,121.51,120.43,120.76,945000,0.0,0.0,A
2025-07-02,120.42,121.35,119.22,120.76,1467100,0.0,0.0,A
2025-07-01,120.21,122.91,116.61,117.2,1935700,0.248,0.0,A
2025-06-30,117.53,119.17,116.97,118.7,1602400,0.0,0.0,A
2025-06-27,118.68,119.72,117.7,119.51,1734700,0.0,0.0,A
2025-06-26,118.93,120.05,117.56,118.69,1488000,0.0,0.0,A
2025-06-25,118.13,119.29,116.49,116.63,1690000,0.0,0.0,A
2025-06-24,117.16,117.52,116.09,116.85,1945300,0.0,0.0,A
2025-06-23,115.65,115.75,113.23,114.48,1448400,0.0,0.0,A
2025-06-20,115.09,116.38,114.61,115.69,3043900,0.0,0.0,A
2025-06-18,115.05,116.4,114.2,115.61,1560300,0.0,0.0,A
2025-06-17,115.61,117.98,115.34,117.02,1577100,0.0,0.0,A
2025-06-16,118.53,118.85,115.1,117.21,1402800,0.0,0.0,A
2025-06-13,116.6,118.41,115.97,116.2,1652000,0.0,0.0,A
2025-06-12,118.42,119.56,118.04,118.49,1361500,0.0,0.0,A
2025-06-11,119.23,122.33,119.18,120.26,2752400,0.0,0.0,A
2025-06-10,120.03,120.66,116.65,117.42,3499500,0.0,0.0,A
2025-06-09,116.26,117.98,115.3,116.13,2147800,0.0,0.0,A
2025-06-06,115.33,115.54,114.31,114.94,1556400,0.0,0.0,A
2025-06-05,113.47,115.03,113.17,114.95,1875900,0.0,0.0,A
2025-06-04,114.47,114.82,112.43,112.9,2692800,0.0,0.0,A
2025-06-03,112.3,112.53,109.3,110.44,1491200,0.0,0.0,A
2025-06-02,110.59,110.95,109.58,110.68,1757000,0.0,0.0,A
2025-05-30,111.46,112.45,110.34,111.57,4753600,0.0,0.0,A
2025-05-29,112.82,116.51,112.54,116.47,3837400,0.0,0.0,A
2025-05-28,110.43,111.12,109.69,110.38,2733100,0.0,0.0,A
2025-05-27,110.8,111.31,109.52,110.3,2103900,0.0,0.0,A
2025-05-23,108.08,108.61,106.63,107.34,1691000,0.0,0.0,A
2025-05-22,109.23,109.74,107.53,107.92,2379800,0.0,0.0,A
2025-05-21,108.46,112.15,108.25,111.54,2859800,0.0,0.0,A
2025-05-20,113.01,113.67,112.2,112.98,2245800,0.0,0.0,A
2025-05-19,112.97,113.0,111.57,112.04,2086300,0.0,0.0,A
2025-05-16,113.3,113.36,110.37,111.82,1812000,0.0,0.0,A
2025-05-15,111.94,111.94,108.48,110.82,1873900,0.0,0.0,A
2025-05-14,111.06,115.03,110.82,114.48,2563400,0.0,0.0,A
2025-05-13,114.95,116.4,114.35,114.96,2845300,0.0,0.0,A
2025-05-12,115.08,115.24,110.0,110.36,2873100,0.0,0.0,A
2025-05-09,106.49,109.41,106.35,108.51,1369500,0.0,0.0,A
2025-05-08,108.25,110.2,106.11,107.56,2093300,0.0,0.0,A
2025-05-07,107.08,107.16,104.36,106.25,2143700,0.0,0.0,A
2025-05-06,104.81,107.77,103.93,106.81,1960600,0.0,0.0,A
2025-05-05,107.93,108.8,107.02,107.66,1385500,0.0,0.0,A
2025-05-02,108.18,109.88,107.01,108.79,1213100,0.0,0.0,A
2025-05-01,106.02,107.79,103.67,106.81,1523100,0.0,0.0,A
2025-04-30,107.16,107.51,105.02,106.52,1452200,0.0,0.0,A
2025-04-29,107.02,107.58,105.35,106.46,1201800,0.0,0.0,A
2025-04-28,106.43,108.11,104.96,106.91,1689700,0.0,0.0,A
2025-04-25,105.84,105.99,103.92,105.44,1120600,0.0,0.0,A
2025-04-24,106.58,106.64,102.74,104.99,1989400,0.0,0.0,A
2025-04-23,104.57,109.17,104.32,106.23,2236200,0.0,0.0,A
2025-04-22,102.39,103.51,100.78,101.58,2321500,0.0,0.0,A
2025-04-21,99.85,101.62,98.71,101.43,2321800,0.0,0.0,A
2025-04-17,102.06,103.08,100.94,102.21,1769900,0.0,0.0,A
2025-04-16,102.28,104.4,101.45,102.8,1454400,0.0,0.0,A
2025-04-15,102.7,104.82,102.12,103.87,1326700,0.0,0.0,A
2025-04-14,104.76,105.77,103.57,104.51,1906700,0.0,0.0,A
2025-04-11,102.29,102.92,98.45,100.74,2849100,0.0,0.0,A
2025-04-10,99.54,104.85,96.41,104.39,4977800,0.0,0.0,A
2025-04-09,106.61,106.86,96.03,97.66,4234600,0.0,0.0,A
2025-04-08,98.88,106.32,96.97,105.63,4525100,0.0,0.0,A
2025-04-07,103.17,106.56,98.11,102.21,3562900,0.0,0.0,A
2025-04-04,102.58,107.26,102.43,106.7,3826300,0.0,0.0,A
2025-04-03,109.22,113.43,109.12,112.64,3802400,0.0,0.0,A
2025-04-02,115.51,115.76,112.29,112.66,1947600,0.0,0.0,A
2025-04-01,113.58,115.99,112.9,115.94,2302800,0.248,0.0,A
2025-03-31,116.25,117.0,113.05,115.64,2014000,0.0,0.0,A
2025-03-28,115.97,118.92,115.64,118.47,1772900,0.0,0.0,A
2025-03-27,118.23,119.58,117.99,119.25,2075700,0.0,0.0,A
2025-03-26,119.16,120.39,118.31,119.97,2652900,0.0,0.0,A
2025-03-25,119.76,122.28,119.02,121.84,1605900,0.0,0.0,A
2025-03-24,121.21,123.66,120.14,121.12,1557400,0.0,0.0,A
2025-03-21,120.0,120.03,117.19,118.64,3041400,0.0,0.0,A
2025-03-20,119.53,121.32,118.95,120.96,1620600,0.0,0.0,A
2025-03-19,121.45,122.47,120.56,121.8,1706100,0.0,0.0,A
2025-03-18,122.34,122.43,120.67,121.34,1415400,0.0,0.0,A
2025-03-17,121.73,122.73,120.03,120.35,2015400,0.0,0.0,A
2025-03-14,120.43,121.29,116.77,118.07,2978800,0.0,0.0,A
2025-03-13,116.6,119.33,116.44,118.26,1984800,0.0,0.0,A
2025-03-12,119.11,122.93,118.34,121.34,1807100,0.0,0.0,A
2025-03-11,120.28,122.51,118.56,121.83,2106600,0.0,0.0,A
2025-03-10,121.14,125.86,120.86,124.43,3412300,0.0,0.0,A
2025-03-07,125.91,127.3,123.63,125.17,2056100,0.0,0.0,A
2025-03-06,125.76,128.7,124.99,125.22,2300000,0.0,0.0,A
2025-03-05,125.72,126.51,121.53,121.72,2046900,0.0,0.0,A
2025-03-04,122.3,124.97,120.7,124.22,2524100,0.0,0.0,A
2025-03-03,125.55,128.2,124.86,128.2,2184500,0.0,0.0,A
2025-02-28,127.13,128.71,125.18,127.4,2852700,0.0,0.0,A
2025-02-27,126.29,130.5,125.03,127.98,3469100,0.0,0.0,A
2025-02-26,133.63,135.62,132.82,134.16,1539900,0.0,0.0,A
2025-02-25,133.35,135.43,132.37,134.31,2607000,0.0,0.0,A
2025-02-24,134.44,136.09,133.93,134.66,2037500,0.0,0.0,A
2025-02-21,134.53,136.68,134.31,136.01,1112200,0.0,0.0,A
2025-02-20,135.94,137.72,135.25,136.8,872700,0.0,0.0,A
2025-02-19,136.3,136.64,133.22,133.75,1738100,0.0,0.0,A
2025-02-18,134.36,135.34,133.11,133.67,2121000,0.0,0.0,A
2025-02-14,133.83,136.31,133.48,136.14,1358700,0.0,0.0,A
2025-02-13,135.6,137.49,135.21,137.41,1395400,0.0,0.0,A
2025-02-12,137.22,138.93,135.55,137.92,2103600,0.0,0.0,A
2025-02-11,140.87,143.3,140.44,141.35,1134200,0.0,0.0,A
2025-02-10,142.8,144.94,140.95,144.68,1764700,0.0,0.0,A
2025-02-07,144.31,148.46,143.51,147.29,1557800,0.0,0.0,A
2025-02-06,146.72,147.69,145.29,146.11,1143000,0.0,0.0,A
2025-02-05,147.07,147.79,145.4,146.97,1348100,0.0,0.0,A
2025-02-04,146.13,147.73,145.36,147.1,1290900,0.0,0.0,A
2025-02-03,147.71,149.39,146.96,148.83,1637900,0.0,0.0,A
2025-01-31,150.58,152.88,149.57,150.02,1886600,0.0,0.0,A
2025-01-30,150.44,151.53,146.73,148.02,1496000,0.0,0.0,A
2025-01-29,146.18,148.97,145.64,148.06,1583200,0.0,0.0,A
2025-01-28,149.41,152.29,149.28,151.66,1791600,0.0,0.0,A
2025-01-27,150.02,151.27,147.81,150.62,2229600,0.0,0.0,A
2025-01-24,150.5,151.82,149.84,151.16,1844900,0.0,0.0,A
2025-01-23,151.5,152.01,147.26,151.88,1332000,0.0,0.0,A
2025-01-22,151.65,152.8,150.78,151.88,1730900,0.0,0.0,A
2025-01-21,151.62,152.23,147.09,147.75,2759600,0.0,0.0,A
2025-01-17,146.44,147.54,144.3,144.97,3210300,0.0,0.0,A
2025-01-16,143.82,144.21,139.56,141.89,1661400,0.0,0.0,A
2025-01-15,141.35,145.59,137.82,143.24,2328600,0.0,0.0,A
2025-01-14,142.54,144.48,139.28,141.12,2445400,0.0,0.0,A
2025-01-13,141.07,141.93,136.15,136.37,1562000,0.0,0.0,A
2025-01-10,136.62,139.27,133.87,133.91,1369900,0.0,0.0,A
2025-01-08,136.15,136.82,134.79,136.82,1684600,0.0,0.0,A
2025-01-07,136.56,139.41,135.14,135.98,1056700,0.0,0.0,A
2025-01-06,135.58,137.48,134.5,134.76,1047000,0.0,0.0,A
2025-01-03,134.85,135.2,131.94,132.62,1246900,0.0,0.0,A
2025-01-02,132.6,134.89,132.04,134.37,953600,0.0,0.0,A
2024-12-31,133.51,135.07,133.2,133.97,719600,0.248,0.0,A
2024-12-30,133.34,134.5,132.17,133.32,993600,0.0,0.0,A
2024-12-27,134.45,135.12,133.51,133.54,631800,0.0,0.0,A
2024-12-26,134.74,134.89,133.88,133.92,556600,0.0,0.0,A
2024-12-24,135.0,135.0,133.07,133.52,370200,0.0,0.0,A
2024-12-23,133.52,133.61,132.1,133.08,1194900,0.0,0.0,A
2024-12-20,133.43,134.44,132.16,132.16,4363900,0.0,0.0,A
2024-12-19,132.12,133.19,130.56,132.07,2166500,0.0,0.0,A
2024-12-18,131.94,136.46,131.84,135.85,1746900,0.0,0.0,A
2024-12-17,135.36,138.22,135.1,136.47,2430600,0.0,0.0,A
2024-12-16,136.56,138.81,135.9,137.51,1580700,0.0,0.0,A
2024-12-13,137.88,139.34,136.19,139.23,1474300,0.0,0.0,A
2024-12-12,139.78,140.58,138.75,139.37,976300,0.0,0.0,A
2024-12-11,140.05,142.43,140.03,141.71,1848700,0.0,0.0,A
2024-12-10,140.79,143.73,140.59,143.09,1261300,0.0,0.0,A
2024-12-09,142.84,143.41,139.31,139.68,1547300,0.0,0.0,A
2024-12-06,139.45,140.65,137.84,138.35,1297600,0.0,0.0,A
2024-12-05,136.76,139.44,136.45,137.88,1994500,0.0,0.0,A
2024-12-04,139.07,141.26,136.58,138.08,1948900,0.0,0.0,A
2024-12-03,138.16,138.48,135.6,137.69,1714800,0.0,0.0,A
2024-12-02,138.46,138.89,136.0,136.72,1702200,0.0,0.0,A
2024-11-29,136.86,137.98,135.98,136.17,1183300,0.0,0.0,A
2024-11-27,137.03,137.88,133.16,133.61,2336900,0.0,0.0,A
2024-11-26,133.29,133.73,125.15,126.0,3443900,0.0,0.0,A
2024-11-25,133.41,134.52,132.68,133.45,3355400,0.0,0.0,A
2024-11-22,132.76,133.24,130.44,131.04,2067800,0.0,0.0,A
2024-11-21,131.0,131.13,128.02,128.67,2882100,0.0,0.0,A
2024-11-20,127.54,127.67,123.89,124.31,1696000,0.0,0.0,A
2024-11-19,124.68,126.1,124.11,124.77,1838200,0.0,0.0,A
2024-11-18,125.9,127.06,125.0,125.9,1445000,0.0,0.0,A
2024-11-15,126.05,128.67,124.81,128.43,2631100,0.0,0.0,A
2024-11-14,129.17,133.27,129.11,132.61,1971100,0.0,0.0,A
2024-11-13,133.2,133.78,131.13,132.19,1103100,0.0,0.0,A
2024-11-12,132.59,134.95,132.56,132.78,1490800,0.0,0.0,A
2024-11-11,132.78,136.35,132.13,135.97,5405500,0.0,0.0,A
2024-11-08,135.58,137.55,133.85,136.56,1918600,0.0,0.0,A
2024-11-07,138.51,138.94,136.46,137.67,2182800,0.0,0.0,A
2024-11-06,136.67,141.92,135.94,141.85,2528900,0.0,0.0,A
2024-11-05,139.28,139.66,136.14,137.07,1240500,0.0,0.0,A
2024-11-04,138.53,139.51,135.81,136.22,1795400,0.0,0.0,A
2024-11-01,135.77,139.84,134.18,138.02,2077700,0.0,0.0,A
2024-10-31,129.26,130.38,128.82,129.62,1596000,0.0,0.0,A
2024-10-30,130.43,133.03,130.08,130.6,1550500,0.0,0.0,A
2024-10-29,130.17,131.23,129.51,130.08,941500,0.0,0.0,A
2024-10-28,130.48,131.17,129.29,130.69,1739800,0.0,0.0,A
2024-10-25,129.14,130.65,128.31,130.12,1248500,0.0,0.0,A
2024-10-24,129.64,132.24,129.64,132.07,1830100,0.0,0.0,A
2024-10-23,131.96,133.22,130.3,132.2,1657500,0.0,0.0,A
2024-10-22,132.39,133.67,130.92,133.61,1822700,0.0,0.0,A
2024-10-21,135.66,137.69,135.12,137.24,975900,0.0,0.0,A
2024-10-18,137.71,138.4,136.14,137.42,1185200,0.0,0.0,A
2024-10-17,136.31,141.38,135.38,140.67,1592900,0.0,0.0,A
2024-10-16,137.99,141.42,137.33,140.37,1702100,0.0,0.0,A
2024-10-15,143.42,145.48,142.91,143.19,1251200,0.0,0.0,A
2024-10-14,143.09,143.9,141.67,142.84,1765200,0.0,0.0,A
2024-10-11,142.66,143.89,141.91,141.91,1427400,0.0,0.0,A
2024-10-10,141.59,143.25,141.45,142.06,1288900,0.0,0.0,A
2024-10-09,143.63,144.42,143.02,143.86,634700,0.0,0.0,A
2024-10-08,143.45,144.07,142.68,142.84,915000,0.0,0.0,A
2024-10-07,142.73,143.29,141.68,142.97,836700,0.0,0.0,A
2024-10-04,143.8,145.38,143.04,145.02,1001100,0.0,0.0,A
2024-10-03,143.39,144.81,142.93,144.26,1100000,0.0,0.0,A
2024-10-02,145.36,146.46,143.94,145.09,1200100,0.0,0.0,A
2024-10-01,,,,,0,0.236,0.0,A
2025-10-01,255.45,258.79,254.93,255.04,48667300,0.0,0.0,AAPL
2025-09-30,254.63,255.92,253.11,254.86,37666900,0.0,0.0,AAPL
2025-09-29,254.43,255.0,253.01,254.56,40127700,0.0,0.0,AAPL
2025-09-26,255.46,257.6,253.78,254.1,46076300,0.0,0.0,AAPL
2025-09-25,256.87,257.17,251.71,253.21,55202100,0.0,0.0,AAPL
2025-09-24,252.31,255.74,251.04,255.22,42303700,0.0,0.0,AAPL
2025-09-23,254.43,257.34,253.58,255.88,60275200,0.0,0.0,AAPL
2025-09-22,256.08,256.64,248.12,248.3,105517400,0.0,0.0,AAPL
2025-09-19,245.5,246.3,240.21,241.23,163741300,0.0,0.0,AAPL
2025-09-18,237.88,241.2,236.65,239.97,44249600,0.0,0.0,AAPL
2025-09-17,238.99,240.1,237.73,238.97,46508000,0.0,0.0,AAPL
2025-09-16,238.15,241.22,236.32,237.18,63421100,0.0,0.0,AAPL
2025-09-15,236.7,238.19,235.03,237.0,42699500,0.0,0.0,AAPL
2025-09-12,234.07,234.51,229.02,229.22,55824200,0.0,0.0,AAPL
2025-09-11,230.03,230.45,226.65,226.88,50208600,0.0,0.0,AAPL
2025-09-10,226.79,232.42,225.95,232.19,83440800,0.0,0.0,AAPL
2025-09-09,234.35,238.78,233.36,237.0,66313900,0.0,0.0,AAPL
2025-09-08,237.88,240.15,236.34,239.3,48999500,0.0,0.0,AAPL
2025-09-05,239.69,241.32,238.49,240.0,54870400,0.0,0.0,AAPL
2025-09-04,239.78,239.9,236.74,238.45,47549400,0.0,0.0,AAPL
2025-09-03,238.47,238.85,234.36,237.21,66427800,0.0,0.0,AAPL
2025-09-02,229.72,230.85,226.97,229.25,44075600,0.0,0.0,AAPL
2025-08-29,232.14,233.38,231.37,232.51,39418400,0.0,0.0,AAPL
2025-08-28,232.56,233.41,229.34,230.82,38074700,0.0,0.0,AAPL
2025-08-27,230.49,230.9,228.26,228.61,31259500,0.0,0.0,AAPL
2025-08-26,229.31,229.49,224.69,226.87,54575100,0.0,0.0,AAPL
2025-08-25,227.16,229.3,226.23,226.48,30983100,0.0,0.0,AAPL
2025-08-22,227.76,229.09,225.41,226.17,42477800,0.0,0.0,AAPL
2025-08-21,224.9,226.52,223.78,226.27,30621200,0.0,0.0,AAPL
2025-08-20,226.01,230.47,225.77,229.98,42263900,0.0,0.0,AAPL
2025-08-19,230.56,232.87,229.35,231.28,39402600,0.0,0.0,AAPL
2025-08-18,230.89,233.12,230.11,231.7,37476200,0.0,0.0,AAPL
2025-08-15,231.59,234.28,229.34,234.0,56038700,0.0,0.0,AAPL
2025-08-14,232.78,235.12,230.85,234.06,51916300,0.0,0.0,AAPL
2025-08-13,233.33,235.0,230.43,231.07,69878500,0.0,0.0,AAPL
2025-08-12,229.65,230.8,227.07,228.01,55626200,0.0,0.0,AAPL
2025-08-11,227.18,229.56,224.76,227.92,61806100,0.26,0.0,AAPL
2025-08-08,229.09,230.74,219.0,220.58,113854000,0.0,0.0,AAPL
2025-08-07,219.78,220.6,216.33,218.63,90224800,0.0,0.0,AAPL
2025-08-06,213.01,215.14,205.36,205.4,108483100,0.0,0.0,AAPL
2025-08-05,202.69,205.11,201.93,203.17,44155100,0.0,0.0,AAPL
2025-08-04,203.12,207.64,201.45,204.28,75109300,0.0,0.0,AAPL
2025-08-01,202.15,213.34,201.27,210.63,104434500,0.0,0.0,AAPL
2025-07-31,207.33,209.6,206.93,208.25,80698400,0.0,0.0,AAPL
2025-07-30,208.81,212.15,207.48,211.66,45512500,0.0,0.0,AAPL
2025-07-29,211.03,214.57,210.58,213.94,51411700,0.0,0.0,AAPL
2025-07-28,213.81,214.61,212.82,213.79,37858000,0.0,0.0,AAPL
2025-07-25,213.64,215.0,213.16,214.46,40268800,0.0,0.0,AAPL
2025-07-24,213.52,215.45,213.29,213.66,46022600,0.0,0.0,AAPL
2025-07-23,213.91,214.91,212.17,214.76,46989300,0.0,0.0,AAPL
2025-07-22,214.16,214.71,211.99,212.9,46404100,0.0,0.0,AAPL
2025-07-21,212.24,215.54,211.39,211.86,51377400,0.0,0.0,AAPL
2025-07-18,210.94,211.55,209.46,210.63,48974600,0.0,0.0,AAPL
2025-07-17,209.78,211.56,209.35,210.33,48068100,0.0,0.0,AAPL
2025-07-16,209.92,212.16,208.4,210.06,47490500,0.0,0.0,AAPL
2025-07-15,208.87,211.65,208.68,208.98,42296300,0.0,0.0,AAPL
2025-07-14,208.38,210.67,207.3,209.69,38840100,0.0,0.0,AAPL
2025-07-11,210.92,211.89,209.62,210.33,39765800,0.0,0.0,AAPL
2025-07-10,212.17,213.24,209.79,210.27,44443600,0.0,0.0,AAPL
2025-07-09,210.9,211.09,206.99,209.29,48749400,0.0,0.0,AAPL
2025-07-08,209.77,211.19,208.21,209.86,42848900,0.0,0.0,AAPL
2025-07-07,209.71,215.98,208.56,212.44,50229000,0.0,0.0,AAPL
2025-07-03,213.31,214.41,211.57,211.91,34955800,0.0,0.0,AAPL
2025-07-02,212.2,213.1,207.9,208.67,67941800,0.0,0.0,AAPL
2025-07-01,207.58,209.95,205.91,206.44,78788900,0.0,0.0,AAPL
2025-06-30,204.94,207.15,199.03,201.78,91912800,0.0,0.0,AAPL
2025-06-27,200.85,202.99,199.77,201.66,73188600,0.0,0.0,AAPL
2025-06-26,200.77,202.41,199.23,201.2,50799100,0.0,0.0,AAPL
2025-06-25,201.33,203.44,200.39,201.22,39525700,0.0,0.0,AAPL
2025-06-24,200.07,203.21,199.97,202.36,54064000,0.0,0.0,AAPL
2025-06-23,201.27,202.07,198.73,201.4,55814300,0.0,0.0,AAPL
2025-06-20,200.77,201.47,196.64,198.02,96813500,0.0,0.0,AAPL
2025-06-18,196.36,197.35,194.85,195.72,45394700,0.0,0.0,AAPL
2025-06-17,195.42,198.17,194.99,196.98,38856200,0.0,0.0,AAPL
2025-06-16,198.2,198.46,196.34,197.08,43020700,0.0,0.0,AAPL
2025-06-13,196.23,200.14,195.48,199.5,51447300,0.0,0.0,AAPL
2025-06-12,198.97,199.45,197.14,198.85,43904600,0.0,0.0,AAPL
2025-06-11,198.55,204.27,198.19,203.27,60989900,0.0,0.0,AAPL
2025-06-10,202.44,204.12,200.34,200.37,54672600,0.0,0.0,AAPL
2025-06-09,201.22,205.77,199.79,204.16,72862600,0.0,0.0,AAPL
2025-06-06,203.69,205.47,201.82,202.77,46607700,0.0,0.0,AAPL
2025-06-05,200.4,204.52,199.92,203.27,55126100,0.0,0.0,AAPL
2025-06-04,202.59,206.01,201.87,202.68,43604000,0.0,0.0,AAPL
2025-06-03,203.04,203.54,200.73,201.12,46381600,0.0,0.0,AAPL
2025-06-02,201.47,201.9,199.89,200.05,35423300,0.0,0.0,AAPL
2025-05-30,200.62,201.73,196.56,199.14,70819900,0.0,0.0,AAPL
2025-05-29,199.72,203.58,198.28,203.35,51396800,0.0,0.0,AAPL
2025-05-28,200.19,202.5,199.67,200.36,45339700,0.0,0.0,AAPL
2025-05-27,199.98,200.51,197.21,198.08,56288500,0.0,0.0,AAPL
2025-05-23,195.05,197.48,193.24,193.45,78432900,0.0,0.0,AAPL
2025-05-22,201.13,202.52,199.47,200.48,46742400,0.0,0.0,AAPL
2025-05-21,201.86,206.81,200.48,204.94,59211800,0.0,0.0,AAPL
2025-05-20,206.63,208.23,204.8,207.43,42496600,0.0,0.0,AAPL
2025-05-19,208.54,209.24,204.03,207.67,46140500,0.0,0.0,AAPL
2025-05-16,211.02,212.33,209.53,212.12,54737900,0.0,0.0,AAPL
2025-05-15,211.21,212.72,209.3,210.71,45029500,0.0,0.0,AAPL
2025-05-14,212.09,213.7,210.34,212.19,49325800,0.0,0.0,AAPL
2025-05-13,212.69,213.16,208.76,210.19,51909300,0.0,0.0,AAPL
2025-05-12,210.55,211.03,206.52,210.73,63775800,0.26,0.0,AAPL
2025-05-09,198.05,200.05,197.06,198.51,36453900,0.0,0.0,AAPL
2025-05-08,197.01,199.56,194.2,197.24,50478900,0.0,0.0,AAPL
2025-05-07,195.77,198.95,192.78,198.68,68536700,0.0,0.0,AAPL
2025-05-06,198.03,200.16,196.54,197.73,51216500,0.0,0.0,AAPL
2025-05-05,198.4,203.6,197.73,202.6,69018500,0.0,0.0,AAPL
2025-05-02,204.85,206.48,201.67,205.59,101010600,0.0,0.0,AAPL
2025-05-01,212.8,214.04,208.39,208.57,57365700,0.0,0.0,AAPL
2025-04-30,211.98,213.06,206.17,208.79,52286500,0.0,0.0,AAPL
2025-04-29,210.69,211.72,207.86,208.18,36827600,0.0,0.0,AAPL
2025-04-28,209.63,210.98,206.95,209.49,38743100,0.0,0.0,AAPL
2025-04-25,208.77,209.24,205.7,205.87,38222300,0.0,0.0,AAPL
2025-04-24,207.86,208.32,202.44,204.39,47311000,0.0,0.0,AAPL
2025-04-23,204.1,207.49,202.3,205.5,52929200,0.0,0.0,AAPL
2025-04-22,199.25,201.1,195.49,195.64,52976400,0.0,0.0,AAPL
2025-04-21,192.69,193.33,189.35,192.8,46742500,0.0,0.0,AAPL
2025-04-17,196.5,198.34,193.95,196.72,52164700,0.0,0.0,AAPL
2025-04-16,193.8,200.21,191.9,197.88,59732400,0.0,0.0,AAPL
2025-04-15,201.65,203.01,199.31,201.37,51343900,0.0,0.0,AAPL
2025-04-14,202.03,212.42,200.67,210.92,101352900,0.0,0.0,AAPL
2025-04-11,197.67,199.05,185.61,185.65,87435900,0.0,0.0,AAPL
2025-04-10,189.96,194.3,182.55,188.61,121880000,0.0,0.0,AAPL
2025-04-09,198.36,200.12,171.47,171.53,184395900,0.0,0.0,AAPL
2025-04-08,172.0,189.88,168.8,186.24,120859500,0.0,0.0,AAPL
2025-04-07,181.02,193.68,174.19,176.77,160466300,0.0,0.0,AAPL
2025-04-04,187.92,199.39,186.88,193.42,125910900,0.0,0.0,AAPL
2025-04-03,202.69,206.98,200.76,205.04,103419000,0.0,0.0,AAPL
2025-04-02,223.34,224.64,220.48,220.78,35905900,0.0,0.0,AAPL
2025-04-01,222.65,223.13,218.37,219.27,36412700,0.0,0.0,AAPL
2025-03-31,221.59,225.07,215.7,216.48,65299300,0.0,0.0,AAPL
2025-03-28,217.37,223.26,217.15,221.13,39818600,0.0,0.0,AAPL
2025-03-27,223.3,224.44,220.02,220.85,37094800,0.0,0.0,AAPL
2025-03-26,220.99,224.47,219.93,222.96,34466100,0.0,0.0,AAPL
2025-03-25,223.2,223.55,219.54,220.23,34493600,0.0,0.0,AAPL
2025-03-24,220.19,220.94,218.05,220.46,44299500,0.0,0.0,AAPL
2025-03-21,217.74,218.31,210.76,211.04,94127800,0.0,0.0,AAPL
2025-03-20,213.58,216.96,211.7,213.47,48862900,0.0,0.0,AAPL
2025-03-19,214.71,218.23,213.23,213.7,54385400,0.0,0.0,AAPL
2025-03-18,212.17,214.62,210.97,213.64,42432400,0.0,0.0,AAPL
2025-03-17,213.48,214.69,209.46,212.79,48073400,0.0,0.0,AAPL
2025-03-14,212.97,213.43,209.07,210.73,60107600,0.0,0.0,AAPL
2025-03-13,209.17,216.31,207.91,215.42,61368300,0.0,0.0,AAPL
2025-03-12,216.45,221.21,214.39,219.6,62547500,0.0,0.0,AAPL
2025-03-11,220.3,225.29,216.92,223.26,76137400,0.0,0.0,AAPL
2025-03-10,226.92,235.58,223.67,234.96,72071200,0.0,0.0,AAPL
2025-03-07,238.49,240.78,234.19,234.54,46273600,0.0,0.0,AAPL
2025-03-06,234.76,237.28,232.59,233.87,45170400,0.0,0.0,AAPL
2025-03-05,235.16,235.97,228.67,234.85,47227600,0.0,0.0,AAPL
2025-03-04,235.35,239.48,234.11,237.13,53798100,0.0,0.0,AAPL
2025-03-03,237.45,243.43,235.53,241.2,47184000,0.0,0.0,AAPL
2025-02-28,241.25,241.5,229.64,236.37,56833400,0.0,0.0,AAPL
2025-02-27,236.72,241.87,236.48,238.83,41153600,0.0,0.0,AAPL
2025-02-26,239.77,244.38,238.55,243.73,44433600,0.0,0.0,AAPL
2025-02-25,246.44,249.39,244.31,247.39,48013300,0.0,0.0,AAPL
2025-02-24,246.5,248.25,243.82,244.33,51326400,0.0,0.0,AAPL
2025-02-21,244.95,248.08,244.62,245.35,53197400,0.0,0.0,AAPL
2025-02-20,245.23,246.18,243.69,244.34,32316900,0.0,0.0,AAPL
2025-02-19,244.27,245.41,242.57,244.06,32204200,0.0,0.0,AAPL
2025-02-18,243.87,244.58,241.25,243.55,48822500,0.0,0.0,AAPL
2025-02-14,244.0,244.95,240.4,240.66,40896200,0.0,0.0,AAPL
2025-02-13,240.94,241.75,234.99,236.33,53614100,0.0,0.0,AAPL
2025-02-12,236.29,236.38,230.12,230.64,45243300,0.0,0.0,AAPL
2025-02-11,232.05,234.66,227.57,227.64,53718400,0.0,0.0,AAPL
2025-02-10,227.09,230.03,226.65,229.01,33115600,0.25,0.0,AAPL
2025-02-07,226.82,233.17,226.46,231.78,39707200,0.0,0.0,AAPL
2025-02-06,232.4,232.97,229.61,230.47,29925300,0.0,0.0,AAPL
2025-02-05,231.65,231.85,227.46,227.72,39620300,0.0,0.0,AAPL
2025-02-04,231.98,232.31,225.85,226.45,45067300,0.0,0.0,AAPL
2025-02-03,227.2,231.01,224.9,229.18,73063300,0.0,0.0,AAPL
2025-01-31,235.17,246.32,232.61,246.32,100959800,0.0,0.0,AAPL
2025-01-30,236.75,239.94,236.37,237.83,55658300,0.0,0.0,AAPL
2025-01-29,238.51,239.01,233.18,233.29,45486100,0.0,0.0,AAPL
2025-01-28,237.42,239.34,229.99,230.03,75707600,0.0,0.0,AAPL
2025-01-27,229.05,231.33,223.19,223.23,94863400,0.0,0.0,AAPL
2025-01-24,221.99,224.83,220.63,223.98,54697900,0.0,0.0,AAPL
2025-01-23,222.87,226.23,221.51,223.95,60234800,0.0,0.0,AAPL
2025-01-22,223.04,223.33,219.01,219.01,64126500,0.0,0.0,AAPL
2025-01-21,221.85,223.63,218.6,223.21,98070400,0.0,0.0,AAPL
2025-01-17,229.17,231.47,227.67,231.3,68488300,0.0,0.0,AAPL
2025-01-16,227.45,237.17,227.22,236.51,71759100,0.0,0.0,AAPL
2025-01-15,237.03,238.11,233.6,233.81,39832000,0.0,0.0,AAPL
2025-01-14,232.45,235.28,231.65,233.92,39435300,0.0,0.0,AAPL
2025-01-13,233.57,233.84,228.91,232.7,49630700,0.0,0.0,AAPL
2025-01-10,236.01,239.31,232.18,239.16,61710900,0.0,0.0,AAPL
2025-01-08,241.84,242.85,239.2,241.06,37628900,0.0,0.0,AAPL
2025-01-07,241.35,244.68,240.5,242.12,40856000,0.0,0.0,AAPL
2025-01-06,244.13,246.46,242.34,243.45,45045600,0.0,0.0,AAPL
2025-01-03,242.5,243.32,241.03,242.5,40244100,0.0,0.0,AAPL
2025-01-02,242.99,248.22,240.96,248.05,55740700,0.0,0.0,AAPL
2024-12-31,249.53,252.38,248.55,251.55,39480700,0.0,0.0,AAPL
2024-12-30,251.31,252.6,249.86,251.34,35557500,0.0,0.0,AAPL
2024-12-27,254.69,257.78,252.16,256.92,42355300,0.0,0.0,AAPL
2024-12-26,258.1,259.18,256.72,257.28,27237100,0.0,0.0,AAPL
2024-12-24,257.29,257.3,254.39,254.59,23234700,0.0,0.0,AAPL
2024-12-23,254.37,254.75,252.55,253.87,40858800,0.0,0.0,AAPL
2024-12-20,253.59,254.1,244.82,247.16,147495300,0.0,0.0,AAPL
2024-12-19,248.91,251.11,246.22,246.62,60882300,0.0,0.0,AAPL
2024-12-18,247.17,253.38,246.86,251.27,56774100,0.0,0.0,AAPL
2024-12-17,252.58,252.93,248.9,249.2,51356400,0.0,0.0,AAPL
2024-12-16,250.15,250.49,246.77,247.11,51694800,0.0,0.0,AAPL
2024-12-13,247.25,248.41,245.37,246.94,33155300,0.0,0.0,AAPL
2024-12-12,247.08,247.86,244.81,246.02,32777500,0.0,0.0,AAPL
2024-12-11,245.62,249.91,245.39,247.08,45205800,0.0,0.0,AAPL
2024-12-10,246.89,247.33,244.47,246.02,36914800,0.0,0.0,AAPL
2024-12-09,245.88,246.37,240.89,240.97,44649200,0.0,0.0,AAPL
2024-12-06,241.98,243.76,241.22,242.05,36870600,0.0,0.0,AAPL
2024-12-05,242.18,243.67,241.27,243.13,40033900,0.0,0.0,AAPL
2024-12-04,242.15,243.25,240.4,242.01,44383900,0.0,0.0,AAPL
2024-12-03,241.79,241.9,238.05,238.96,38861000,0.0,0.0,AAPL
2024-12-02,238.74,239.94,236.32,236.43,48137100,0.0,0.0,AAPL
2024-11-29,236.49,236.97,233.14,233.98,28481400,0.0,0.0,AAPL
2024-11-27,234.1,234.86,232.98,233.64,33498400,0.0,0.0,AAPL
2024-11-26,234.23,234.74,232.5,232.5,45986200,0.0,0.0,AAPL
2024-11-25,232.05,232.42,228.93,230.64,90152800,0.0,0.0,AAPL
2024-11-22,229.06,229.9,227.25,227.25,38168300,0.0,0.0,AAPL
2024-11-21,227.71,229.35,224.91,228.07,42108300,0.0,0.0,AAPL
2024-11-20,228.19,229.12,225.09,227.25,35169600,0.0,0.0,AAPL
2024-11-19,227.47,229.35,225.86,226.18,36211800,0.0,0.0,AAPL
2024-11-18,227.21,228.93,224.37,224.45,44633700,0.0,0.0,AAPL
2024-11-15,224.2,226.12,223.48,225.6,47923700,0.0,0.0,AAPL
2024-11-14,227.41,228.06,224.2,224.22,44923900,0.0,0.0,AAPL
2024-11-13,224.32,225.85,221.97,223.22,48566200,0.0,0.0,AAPL
2024-11-12,223.44,224.79,222.57,223.76,40398300,0.0,0.0,AAPL
2024-11-11,223.44,224.9,220.72,224.2,42005600,0.0,0.0,AAPL
2024-11-08,226.16,227.85,225.61,226.37,38328800,0.25,0.0,AAPL
2024-11-07,226.43,226.82,223.53,223.59,42137700,0.0,0.0,AAPL
2024-11-06,221.69,225.02,220.17,221.58,54561100,0.0,0.0,AAPL
2024-11-05,222.41,222.91,220.12,220.77,28111300,0.0,0.0,AAPL
2024-11-04,220.98,221.76,218.69,219.97,44944500,0.0,0.0,AAPL
2024-11-01,221.88,224.31,219.25,219.95,65276700,0.0,0.0,AAPL
2024-10-31,224.86,228.77,224.33,228.28,64370100,0.0,0.0,AAPL
2024-10-30,229.03,232.39,228.49,231.53,47070900,0.0,0.0,AAPL
2024-10-29,232.59,233.24,231.24,232.02,35417200,0.0,0.0,AAPL
2024-10-28,232.32,233.64,231.47,232.24,36087100,0.0,0.0,AAPL
2024-10-25,230.34,232.14,228.51,228.68,38802300,0.0,0.0,AAPL
2024-10-24,229.5,229.75,227.35,228.91,31109500,0.0,0.0,AAPL
2024-10-23,229.69,234.05,226.7,233.0,52287000,0.0,0.0,AAPL
2024-10-22,234.77,235.13,231.52,232.81,38846600,0.0,0.0,AAPL
2024-10-21,235.38,235.75,233.36,233.36,36254500,0.0,0.0,AAPL
2024-10-18,233.91,235.09,232.93,235.09,46431500,0.0,0.0,AAPL
2024-10-17,231.07,232.77,229.45,232.35,32993800,0.0,0.0,AAPL
2024-10-16,230.71,231.04,228.78,230.53,34082200,0.0,0.0,AAPL
2024-10-15,232.77,236.39,231.29,232.53,64751400,0.0,0.0,AAPL
2024-10-14,230.23,230.66,227.54,227.64,39882100,0.0,0.0,AAPL
2024-10-11,226.5,228.35,226.29,228.24,31759200,0.0,0.0,AAPL
2024-10-10,227.98,228.44,226.12,226.72,28183500,0.0,0.0,AAPL
2024-10-09,228.48,228.69,223.79,224.19,33591100,0.0,0.0,AAPL
2024-10-08,224.72,224.93,222.22,223.26,31855700,0.0,0.0,AAPL
2024-10-07,220.66,224.64,220.3,223.46,39505400,0.0,0.0,AAPL
2024-10-04,225.75,226.94,223.09,226.84,37245100,0.0,0.0,AAPL
2024-10-03,224.62,225.76,222.29,224.1,34044200,0.0,0.0,AAPL
2024-10-02,225.73,226.32,221.99,224.84,32880600,0.0,0.0,AAPL
2025-10-01,15.55,15.82,15.33,15.62,485200,0.0,0.0,DOMO
2025-09-30,15.84,16.5,15.68,16.31,603000,0.0,0.0,DOMO
2025-09-29,16.35,17.01,16.12,16.54,872000,0.0,0.0,DOMO
2025-09-26,15.78,16.39,15.65,16.11,685500,0.0,0.0,DOMO
2025-09-25,16.16,16.21,15.69,16.0,947500,0.0,0.0,DOMO
2025-09-24,16.38,17.34,16.33,17.23,766000,0.0,0.0,DOMO
2025-09-23,17.13,18.35,17.12,18.33,686300,0.0,0.0,DOMO
2025-09-22,18.2,18.49,17.64,18.0,756900,0.0,0.0,DOMO
2025-09-19,18.06,18.08,17.59,17.81,1804900,0.0,0.0,DOMO
2025-09-18,17.75,17.9,17.29,17.49,558800,0.0,0.0,DOMO
2025-09-17,17.15,17.32,16.72,16.82,474400,0.0,0.0,DOMO
2025-09-16,16.87,17.39,16.66,17.36,590200,0.0,0.0,DOMO
2025-09-15,17.31,17.85,17.04,17.42,652300,0.0,0.0,DOMO
2025-09-12,17.01,17.21,16.66,16.89,839400,0.0,0.0,DOMO
2025-09-11,16.86,16.92,15.64,15.87,1198400,0.0,0.0,DOMO
2025-09-10,15.59,15.99,15.5,15.54,915300,0.0,0.0,DOMO
2025-09-09,15.5,15.61,15.05,15.14,1000700,0.0,0.0,DOMO
2025-09-08,15.07,15.24,14.62,14.62,575800,0.0,0.0,DOMO
2025-09-05,14.62,15.07,14.44,14.93,559800,0.0,0.0,DOMO
2025-09-04,14.66,14.87,14.22,14.4,651100,0.0,0.0,DOMO
2025-09-03,14.57,14.62,13.99,14.18,772100,0.0,0.0,DOMO
2025-09-02,14.21,14.58,13.85,14.18,1078200,0.0,0.0,DOMO
2025-08-29,14.68,15.52,13.88,15.33,1555300,0.0,0.0,DOMO
2025-08-28,15.32,16.29,15.0,15.0,2360600,0.0,0.0,DOMO
2025-08-27,17.57,17.88,16.68,17.1,1995200,0.0,0.0,DOMO
2025-08-26,16.11,17.1,15.28,15.31,1769300,0.0,0.0,DOMO
2025-08-25,13.84,14.23,13.84,14.09,362000,0.0,0.0,DOMO
2025-08-22,14.15,14.35,13.31,13.5,517500,0.0,0.0,DOMO
2025-08-21,13.54,13.72,13.48,13.54,347300,0.0,0.0,DOMO
2025-08-20,13.63,13.94,13.31,13.81,446200,0.0,0.0,DOMO
2025-08-19,13.86,14.88,13.74,14.82,373500,0.0,0.0,DOMO
2025-08-18,14.82,14.92,14.04,14.13,430000,0.0,0.0,DOMO
2025-08-15,14.12,14.58,14.07,14.19,377800,0.0,0.0,DOMO
2025-08-14,14.14,14.3,13.77,14.2,408100,0.0,0.0,DOMO
2025-08-13,14.4,14.82,14.08,14.7,459600,0.0,0.0,DOMO
2025-08-12,14.53,14.67,13.92,14.3,424700,0.0,0.0,DOMO
2025-08-11,14.35,16.22,14.34,15.93,998300,0.0,0.0,DOMO
2025-08-08,15.97,16.6,15.77,16.44,663000,0.0,0.0,DOMO
2025-08-07,16.34,16.62,15.57,16.42,742200,0.0,0.0,DOMO
2025-08-06,16.38,16.46,15.93,16.16,465200,0.0,0.0,DOMO
2025-08-05,16.3,16.95,16.22,16.86,741200,0.0,0.0,DOMO
2025-08-04,16.69,16.94,16.35,16.35,812000,0.0,0.0,DOMO
2025-08-01,16.11,16.46,15.52,16.28,1085600,0.0,0.0,DOMO
2025-07-31,16.46,16.78,16.08,16.6,519800,0.0,0.0,DOMO
2025-07-30,16.41,16.81,15.94,16.15,688300,0.0,0.0,DOMO
2025-07-29,16.06,16.22,15.6,16.22,494400,0.0,0.0,DOMO
2025-07-28,16.06,16.31,15.71,16.07,397800,0.0,0.0,DOMO
2025-07-25,15.96,16.28,15.9,16.13,397200,0.0,0.0,DOMO
2025-07-24,16.13,16.52,15.9,16.2,481800,0.0,0.0,DOMO
2025-07-23,16.13,16.16,15.51,15.79,867200,0.0,0.0,DOMO
2025-07-22,15.75,15.93,15.25,15.7,517500,0.0,0.0,DOMO
2025-07-21,15.81,16.57,15.7,16.46,918300,0.0,0.0,DOMO
2025-07-18,16.29,16.41,14.66,14.75,1362400,0.0,0.0,DOMO
2025-07-17,14.36,14.37,13.85,13.86,420300,0.0,0.0,DOMO
2025-07-16,13.83,14.36,13.6,14.02,601100,0.0,0.0,DOMO
2025-07-15,13.85,13.87,13.27,13.47,564200,0.0,0.0,DOMO
2025-07-14,13.44,13.88,13.41,13.7,489900,0.0,0.0,DOMO
2025-07-11,13.73,14.44,13.72,14.32,653300,0.0,0.0,DOMO
2025-07-10,14.43,15.04,14.42,14.93,586600,0.0,0.0,DOMO
2025-07-09,14.98,15.05,14.62,15.0,604600,0.0,0.0,DOMO
2025-07-08,14.94,15.42,14.53,15.22,650500,0.0,0.0,DOMO
2025-07-07,15.15,15.26,14.2,14.65,758400,0.0,0.0,DOMO
2025-07-03,14.83,15.09,14.52,14.66,492100,0.0,0.0,DOMO
2025-07-02,14.54,14.82,13.62,13.86,736800,0.0,0.0,DOMO
2025-07-01,13.98,14.14,13.54,13.85,623600,0.0,0.0,DOMO
2025-06-30,13.97,14.53,13.84,14.0,664400,0.0,0.0,DOMO
2025-06-27,13.91,14.25,13.59,14.24,960300,0.0,0.0,DOMO
2025-06-26,13.89,13.98,12.36,12.7,914700,0.0,0.0,DOMO
2025-06-25,12.69,13.69,12.64,13.44,701500,0.0,0.0,DOMO
2025-06-24,13.0,13.13,12.44,12.57,752400,0.0,0.0,DOMO
2025-06-23,12.16,12.78,11.97,12.61,655400,0.0,0.0,DOMO
2025-06-20,12.7,12.82,12.57,12.67,903900,0.0,0.0,DOMO
2025-06-18,12.63,13.21,12.58,13.19,595300,0.0,0.0,DOMO
2025-06-17,13.08,13.66,13.03,13.52,364000,0.0,0.0,DOMO
2025-06-16,13.71,13.75,12.86,13.05,634000,0.0,0.0,DOMO
2025-06-13,13.04,13.46,13.01,13.38,564700,0.0,0.0,DOMO
2025-06-12,13.69,14.05,13.43,13.63,527600,0.0,0.0,DOMO
2025-06-11,13.57,13.84,13.31,13.77,784600,0.0,0.0,DOMO
2025-06-10,13.75,14.5,13.65,14.09,597500,0.0,0.0,DOMO
2025-06-09,14.25,14.75,14.12,14.75,585000,0.0,0.0,DOMO
2025-06-06,14.63,14.83,14.09,14.29,723300,0.0,0.0,DOMO
2025-06-05,14.29,14.67,13.66,13.75,991800,0.0,0.0,DOMO
2025-06-04,13.68,13.8,12.99,13.28,1010300,0.0,0.0,DOMO
2025-06-03,13.38,13.43,12.65,13.17,966200,0.0,0.0,DOMO
2025-06-02,13.21,13.53,12.53,12.68,1381600,0.0,0.0,DOMO
2025-05-30,12.7,12.73,12.33,12.64,912300,0.0,0.0,DOMO
2025-05-29,12.62,12.94,12.36,12.92,907800,0.0,0.0,DOMO
2025-05-28,12.79,13.28,12.67,13.01,1070400,0.0,0.0,DOMO
2025-05-27,12.88,13.0,11.29,11.6,1596100,0.0,0.0,DOMO
2025-05-23,11.35,11.68,10.69,10.8,1530900,0.0,0.0,DOMO
2025-05-22,10.85,11.63,9.16,9.21,4424900,0.0,0.0,DOMO
2025-05-21,8.55,8.81,8.4,8.49,504900,0.0,0.0,DOMO
2025-05-20,8.55,8.76,8.49,8.76,269900,0.0,0.0,DOMO
2025-05-19,8.71,8.86,8.68,8.82,253300,0.0,0.0,DOMO
2025-05-16,8.97,9.05,8.68,8.73,285900,0.0,0.0,DOMO
2025-05-15,8.74,8.74,8.4,8.53,217500,0.0,0.0,DOMO
2025-05-14,8.58,8.84,8.45,8.6,390000,0.0,0.0,DOMO
2025-05-13,8.63,9.05,8.56,8.7,411300,0.0,0.0,DOMO
2025-05-12,8.64,8.66,8.31,8.42,282000,0.0,0.0,DOMO
2025-05-09,8.19,8.42,8.14,8.24,209900,0.0,0.0,DOMO
2025-05-08,8.23,8.27,7.72,7.79,276300,0.0,0.0,DOMO
2025-05-07,7.72,7.73,7.45,7.55,193700,0.0,0.0,DOMO
2025-05-06,7.52,7.65,7.41,7.6,309100,0.0,0.0,DOMO
2025-05-05,7.72,7.97,7.69,7.73,176900,0.0,0.0,DOMO
2025-05-02,7.77,7.8,7.59,7.63,237900,0.0,0.0,DOMO
2025-05-01,7.53,7.65,7.44,7.55,188200,0.0,0.0,DOMO
2025-04-30,7.43,7.49,7.22,7.37,193800,0.0,0.0,DOMO
2025-04-29,7.57,7.66,7.49,7.57,192500,0.0,0.0,DOMO
2025-04-28,7.58,7.65,7.44,7.45,211500,0.0,0.0,DOMO
2025-04-25,7.5,7.53,7.1,7.23,220600,0.0,0.0,DOMO
2025-04-24,7.32,7.34,6.85,6.88,329600,0.0,0.0,DOMO
2025-04-23,6.83,7.4,6.83,6.9,416600,0.0,0.0,DOMO
2025-04-22,6.74,7.07,6.62,6.9,503500,0.0,0.0,DOMO
2025-04-21,6.82,6.9,6.68,6.83,454000,0.0,0.0,DOMO
2025-04-17,6.93,7.22,6.74,7.22,466200,0.0,0.0,DOMO
2025-04-16,7.13,8.04,7.03,8.04,307400,0.0,0.0,DOMO
2025-04-15,8.23,8.36,8.02,8.11,353900,0.0,0.0,DOMO
2025-04-14,8.06,8.5,7.96,8.19,334200,0.0,0.0,DOMO
2025-04-11,8.22,8.46,7.76,8.22,360800,0.0,0.0,DOMO
2025-04-10,8.26,8.3,7.86,7.95,378600,0.0,0.0,DOMO
2025-04-09,8.16,8.28,7.26,7.5,461600,0.0,0.0,DOMO
2025-04-08,7.51,8.16,7.39,7.55,824700,0.0,0.0,DOMO
2025-04-07,7.18,7.49,6.71,6.85,704700,0.0,0.0,DOMO
2025-04-04,6.64,7.0,6.01,6.9,909100,0.0,0.0,DOMO
2025-04-03,7.16,7.79,7.09,7.79,435200,0.0,0.0,DOMO
2025-04-02,8.09,8.09,7.74,7.77,361600,0.0,0.0,DOMO
2025-04-01,7.9,7.98,7.73,7.75,307100,0.0,0.0,DOMO
2025-03-31,7.76,7.84,7.58,7.76,379700,0.0,0.0,DOMO
2025-03-28,7.96,8.22,7.82,8.21,378500,0.0,0.0,DOMO
2025-03-27,8.26,8.59,8.24,8.59,204200,0.0,0.0,DOMO
2025-03-26,8.68,8.88,8.36,8.82,377400,0.0,0.0,DOMO
2025-03-25,8.81,9.01,8.76,8.95,344100,0.0,0.0,DOMO
2025-03-24,8.97,9.02,8.43,8.43,489200,0.0,0.0,DOMO
2025-03-21,8.29,8.39,8.09,8.28,465800,0.0,0.0,DOMO
2025-03-20,8.29,8.38,8.05,8.15,391700,0.0,0.0,DOMO
2025-03-19,8.27,8.72,8.24,8.72,197500,0.0,0.0,DOMO
2025-03-18,8.66,8.76,8.39,8.46,343400,0.0,0.0,DOMO
2025-03-17,8.53,8.56,8.12,8.38,323700,0.0,0.0,DOMO
2025-03-14,8.49,8.56,8.34,8.39,359500,0.0,0.0,DOMO
2025-03-13,8.21,8.56,8.07,8.52,506700,0.0,0.0,DOMO
2025-03-12,8.57,8.65,8.07,8.12,437400,0.0,0.0,DOMO
2025-03-11,8.05,8.32,7.83,8.0,443900,0.0,0.0,DOMO
2025-03-10,8.01,8.12,7.83,8.09,506400,0.0,0.0,DOMO
2025-03-07,8.18,8.28,7.11,7.6,944100,0.0,0.0,DOMO
2025-03-06,7.05,7.7,7.0,7.57,551900,0.0,0.0,DOMO
2025-03-05,7.73,7.86,7.57,7.74,220900,0.0,0.0,DOMO
2025-03-04,7.72,7.73,7.22,7.4,240900,0.0,0.0,DOMO
2025-03-03,7.51,7.73,7.49,7.64,217400,0.0,0.0,DOMO
2025-02-28,7.6,7.71,7.42,7.68,231500,0.0,0.0,DOMO
2025-02-27,7.72,7.97,7.68,7.86,216700,0.0,0.0,DOMO
2025-02-26,7.83,7.86,7.6,7.64,197500,0.0,0.0,DOMO
2025-02-25,7.62,7.91,7.61,7.88,269700,0.0,0.0,DOMO
2025-02-24,7.9,8.2,7.82,8.2,246400,0.0,0.0,DOMO
2025-02-21,8.16,8.59,8.11,8.51,260200,0.0,0.0,DOMO
2025-02-20,8.45,8.72,8.38,8.72,171800,0.0,0.0,DOMO
2025-02-19,8.61,8.79,8.55,8.79,315700,0.0,0.0,DOMO
2025-02-18,8.87,9.1,8.61,9.06,309900,0.0,0.0,DOMO
2025-02-14,9.05,9.25,8.92,9.19,306600,0.0,0.0,DOMO
2025-02-13,9.15,9.18,8.84,8.98,279700,0.0,0.0,DOMO
2025-02-12,8.97,9.13,8.48,8.65,378100,0.0,0.0,DOMO
2025-02-11,8.8,9.25,8.46,8.76,502800,0.0,0.0,DOMO
2025-02-10,8.38,8.64,8.34,8.54,120600,0.0,0.0,DOMO
2025-02-07,8.38,8.55,8.25,8.42,208900,0.0,0.0,DOMO
2025-02-06,8.44,8.76,8.36,8.76,229600,0.0,0.0,DOMO
2025-02-05,8.73,9.38,8.66,9.32,440300,0.0,0.0,DOMO
2025-02-04,9.14,9.53,8.89,8.97,1586800,0.0,0.0,DOMO
2025-02-03,8.84,8.95,8.2,8.24,534200,0.0,0.0,DOMO
2025-01-31,8.47,8.61,8.29,8.31,293200,0.0,0.0,DOMO
2025-01-30,8.26,8.35,8.05,8.05,234200,0.0,0.0,DOMO
2025-01-29,7.99,8.04,7.74,8.04,201800,0.0,0.0,DOMO
2025-01-28,8.07,8.15,7.82,8.0,233300,0.0,0.0,DOMO
2025-01-27,7.95,8.01,7.48,7.51,302900,0.0,0.0,DOMO
2025-01-24,7.69,7.85,7.66,7.66,142300,0.0,0.0,DOMO
2025-01-23,7.69,7.69,7.48,7.48,197900,0.0,0.0,DOMO
2025-01-22,7.56,7.59,7.42,7.45,261300,0.0,0.0,DOMO
2025-01-21,7.45,7.48,7.24,7.35,281900,0.0,0.0,DOMO
2025-01-17,7.26,7.32,7.04,7.29,262400,0.0,0.0,DOMO
2025-01-16,7.12,7.17,6.82,6.82,303600,0.0,0.0,DOMO
2025-01-15,6.79,6.84,6.68,6.79,265500,0.0,0.0,DOMO
2025-01-14,6.62,6.77,6.54,6.71,268400,0.0,0.0,DOMO
2025-01-13,6.68,6.75,6.55,6.7,212500,0.0,0.0,DOMO
2025-01-10,6.8,6.91,6.7,6.91,240000,0.0,0.0,DOMO
2025-01-08,6.98,7.08,6.84,7.03,320500,0.0,0.0,DOMO
2025-01-07,7.11,7.38,6.91,7.38,431900,0.0,0.0,DOMO
2025-01-06,7.27,7.31,7.09,7.18,328700,0.0,0.0,DOMO
2025-01-03,7.11,7.2,7.01,7.14,370400,0.0,0.0,DOMO
2025-01-02,7.09,7.27,7.01,7.18,242700,0.0,0.0,DOMO
2024-12-31,7.08,7.39,7.07,7.3,287200,0.0,0.0,DOMO
2024-12-30,7.22,7.32,7.05,7.23,251600,0.0,0.0,DOMO
2024-12-27,7.37,7.47,7.16,7.43,242800,0.0,0.0,DOMO
2024-12-26,7.42,7.46,6.96,7.02,294900,0.0,0.0,DOMO
2024-12-24,7.07,7.15,6.98,7.05,159500,0.0,0.0,DOMO
2024-12-23,7.06,7.12,6.92,7.12,483000,0.0,0.0,DOMO
2024-12-20,7.13,7.31,7.0,7.05,723200,0.0,0.0,DOMO
2024-12-19,7.15,7.38,7.13,7.31,324500,0.0,0.0,DOMO
2024-12-18,7.23,7.81,7.15,7.73,451600,0.0,0.0,DOMO
2024-12-17,7.69,7.73,7.21,7.37,478500,0.0,0.0,DOMO
2024-12-16,7.41,7.53,7.3,7.33,344500,0.0,0.0,DOMO
2024-12-13,7.34,7.72,7.32,7.72,297200,0.0,0.0,DOMO
2024-12-12,7.72,7.93,7.7,7.78,239800,0.0,0.0,DOMO
2024-12-11,7.85,8.01,7.67,7.78,348100,0.0,0.0,DOMO
2024-12-10,7.67,7.85,7.58,7.81,473800,0.0,0.0,DOMO
2024-12-09,7.9,8.15,7.81,8.01,760400,0.0,0.0,DOMO
2024-12-06,7.98,9.84,7.7,9.19,1247500,0.0,0.0,DOMO
2024-12-05,9.74,10.15,9.66,9.92,470300,0.0,0.0,DOMO
2024-12-04,9.98,10.0,9.75,9.86,350100,0.0,0.0,DOMO
2024-12-03,9.67,9.73,9.48,9.53,229400,0.0,0.0,DOMO
2024-12-02,9.53,9.6,9.39,9.45,239800,0.0,0.0,DOMO
2024-11-29,9.36,9.47,9.32,9.45,90900,0.0,0.0,DOMO
2024-11-27,9.28,9.39,9.14,9.37,164300,0.0,0.0,DOMO
2024-11-26,9.34,9.54,9.33,9.38,176100,0.0,0.0,DOMO
2024-11-25,9.44,9.76,9.44,9.59,209200,0.0,0.0,DOMO
2024-11-22,9.45,9.66,9.17,9.19,256400,0.0,0.0,DOMO
2024-11-21,9.08,9.19,8.88,8.88,178300,0.0,0.0,DOMO
2024-11-20,8.79,8.84,8.54,8.77,139300,0.0,0.0,DOMO
2024-11-19,8.77,8.83,8.31,8.42,246300,0.0,0.0,DOMO
2024-11-18,8.48,8.64,8.35,8.47,334700,0.0,0.0,DOMO
2024-11-15,8.46,8.87,8.34,8.87,215600,0.0,0.0,DOMO
2024-11-14,8.81,9.15,8.77,9.1,166900,0.0,0.0,DOMO
2024-11-13,9.1,9.26,8.9,8.96,223800,0.0,0.0,DOMO
2024-11-12,8.94,9.13,8.89,9.03,273100,0.0,0.0,DOMO
2024-11-11,9.07,9.32,8.98,9.09,280000,0.0,0.0,DOMO
2024-11-08,9.01,9.18,8.87,9.1,174700,0.0,0.0,DOMO
2024-11-07,9.08,9.14,8.79,8.83,246400,0.0,0.0,DOMO
2024-11-06,8.79,8.94,8.43,8.44,427300,0.0,0.0,DOMO
2024-11-05,8.26,8.33,8.07,8.08,260900,0.0,0.0,DOMO
2024-11-04,8.05,8.17,7.77,7.8,213900,0.0,0.0,DOMO
2024-11-01,7.81,7.99,7.76,7.94,191600,0.0,0.0,DOMO
2024-10-31,7.95,8.29,7.95,8.29,178800,0.0,0.0,DOMO
2024-10-30,8.29,8.5,8.26,8.44,146300,0.0,0.0,DOMO
2024-10-29,8.39,8.53,8.07,8.08,248700,0.0,0.0,DOMO
2024-10-28,8.1,8.2,8.05,8.2,190200,0.0,0.0,DOMO
2024-10-25,8.09,8.14,7.7,7.74,324500,0.0,0.0,DOMO
2024-10-24,7.67,7.7,7.51,7.61,185400,0.0,0.0,DOMO
2024-10-23,7.55,7.66,7.39,7.55,300500,0.0,0.0,DOMO
2024-10-22,7.56,7.98,7.53,7.94,368200,0.0,0.0,DOMO
2024-10-21,7.96,8.02,7.48,7.78,383500,0.0,0.0,DOMO
2024-10-18,7.78,7.93,7.68,7.87,381600,0.0,0.0,DOMO
2024-10-17,7.83,7.83,7.42,7.49,537300,0.0,0.0,DOMO
2024-10-16,7.47,7.66,7.34,7.47,410100,0.0,0.0,DOMO
2024-10-15,7.41,7.67,7.38,7.38,491500,0.0,0.0,DOMO
2024-10-14,7.41,7.51,7.35,7.4,224400,0.0,0.0,DOMO
2024-10-11,7.4,7.53,7.37,7.42,299000,0.0,0.0,DOMO
2024-10-10,7.42,7.55,7.31,7.51,166000,0.0,0.0,DOMO
2024-10-09,7.59,7.65,7.39,7.45,261200,0.0,0.0,DOMO
2024-10-08,7.45,7.56,7.29,7.29,277700,0.0,0.0,DOMO
2024-10-07,7.3,7.45,7.22,7.27,218000,0.0,0.0,DOMO
2024-10-04,7.34,7.39,6.99,7.07,361100,0.0,0.0,DOMO
2024-10-03,7.03,7.13,6.99,7.12,229900,0.0,0.0,DOMO
2024-10-02,7.19,7.3,6.98,7.06,338200,0.0,0.0,DOMO
2025-10-01,244.9,246.3,238.61,240.75,31635500,0.0,0.0,GOOGL
2025-09-30,243.1,243.29,239.25,242.81,34724300,0.0,0.0,GOOGL
2025-09-29,244.05,251.15,242.77,247.85,32505800,0.0,0.0,GOOGL
2025-09-26,246.54,249.42,245.97,247.07,18503200,0.0,0.0,GOOGL
2025-09-25,245.79,246.49,240.74,244.4,31020400,0.0,0.0,GOOGL
2025-09-24,247.14,252.35,246.44,251.66,28201000,0.0,0.0,GOOGL
2025-09-23,251.66,254.36,250.48,253.04,26628000,0.0,0.0,GOOGL
2025-09-22,252.53,255.78,250.3,254.43,32290500,0.0,0.0,GOOGL
2025-09-19,254.72,256.0,251.81,253.25,55571400,0.0,0.0,GOOGL
2025-09-18,252.03,253.99,249.8,251.68,31239500,0.0,0.0,GOOGL
2025-09-17,249.53,251.6,246.28,251.22,34108000,0.0,0.0,GOOGL
2025-09-16,251.16,253.04,249.47,252.08,34109700,0.0,0.0,GOOGL
2025-09-15,251.61,252.41,244.66,244.66,58383800,0.0,0.0,GOOGL
2025-09-12,240.8,242.08,238.0,240.37,26771600,0.0,0.0,GOOGL
2025-09-11,240.37,242.25,236.25,239.88,30599300,0.0,0.0,GOOGL
2025-09-10,239.17,241.66,237.85,238.9,35141100,0.0,0.0,GOOGL
2025-09-09,239.63,240.47,233.23,234.17,38061000,0.0,0.0,GOOGL
2025-09-08,234.04,238.13,233.67,235.47,32474700,0.21,0.0,GOOGL
2025-09-05,234.79,235.55,231.69,231.99,46588900,0.0,0.0,GOOGL
2025-09-04,232.09,232.16,225.91,229.44,51684200,0.0,0.0,GOOGL
2025-09-03,230.45,231.1,224.59,226.01,103336100,0.0,0.0,GOOGL
2025-09-02,211.16,211.49,206.02,208.25,47523000,0.0,0.0,GOOGL
2025-08-29,212.72,214.46,210.01,210.32,39728400,0.0,0.0,GOOGL
2025-08-28,211.45,212.03,206.72,207.06,32339300,0.0,0.0,GOOGL
2025-08-27,207.29,208.72,205.47,205.52,23022900,0.0,0.0,GOOGL
2025-08-26,206.95,207.66,205.52,207.32,28464100,0.0,0.0,GOOGL
2025-08-25,208.3,210.33,205.1,206.25,29928900,0.0,0.0,GOOGL
2025-08-22,205.91,208.35,201.12,202.55,42827000,0.0,0.0,GOOGL
2025-08-21,199.57,202.3,199.25,199.57,19774600,0.0,0.0,GOOGL
2025-08-20,199.14,201.1,196.42,200.55,28955500,0.0,0.0,GOOGL
2025-08-19,201.39,203.26,199.78,202.85,24240200,0.0,0.0,GOOGL
2025-08-18,203.32,205.09,202.31,204.02,18526600,0.0,0.0,GOOGL
2025-08-15,203.72,206.26,201.1,203.67,34931400,0.0,0.0,GOOGL
2025-08-14,202.76,204.26,201.05,201.32,25230400,0.0,0.0,GOOGL
2025-08-13,201.78,204.35,197.33,203.95,28342900,0.0,0.0,GOOGL
2025-08-12,203.16,204.32,200.41,201.19,30397900,0.0,0.0,GOOGL
2025-08-11,200.82,201.3,198.89,200.76,25832400,0.0,0.0,GOOGL
2025-08-08,201.24,202.43,196.99,197.04,39161800,0.0,0.0,GOOGL
2025-08-07,196.34,197.36,194.16,196.88,26321800,0.0,0.0,GOOGL
2025-08-06,195.91,196.45,193.5,194.33,21562900,0.0,0.0,GOOGL
2025-08-05,194.5,197.68,193.72,194.54,31602300,0.0,0.0,GOOGL
2025-08-04,194.87,195.1,189.95,190.12,31547400,0.0,0.0,GOOGL
2025-08-01,188.96,190.66,187.65,188.86,34832200,0.0,0.0,GOOGL
2025-07-31,191.73,195.81,190.92,195.54,51329200,0.0,0.0,GOOGL
2025-07-30,196.35,197.42,194.52,195.43,32445400,0.0,0.0,GOOGL
2025-07-29,195.58,195.74,191.91,192.26,41389200,0.0,0.0,GOOGL
2025-07-28,192.41,193.88,190.67,193.48,38139500,0.0,0.0,GOOGL
2025-07-25,193.01,194.16,191.09,191.81,39785900,0.0,0.0,GOOGL
2025-07-24,192.0,197.77,190.83,196.85,74881700,0.0,0.0,GOOGL
2025-07-23,190.06,192.36,189.01,191.33,58681900,0.0,0.0,GOOGL
2025-07-22,191.17,191.48,187.29,191.33,44660200,0.0,0.0,GOOGL
2025-07-21,189.93,190.12,185.98,186.08,45803100,0.0,0.0,GOOGL
2025-07-18,184.89,186.25,183.55,185.23,34014500,0.0,0.0,GOOGL
2025-07-17,183.42,183.9,180.32,181.98,31992600,0.0,0.0,GOOGL
2025-07-16,182.81,184.17,181.87,183.08,33104200,0.0,0.0,GOOGL
2025-07-15,181.84,184.06,181.44,182.65,33448300,0.0,0.0,GOOGL
2025-07-14,181.4,183.51,179.52,180.85,32536600,0.0,0.0,GOOGL
2025-07-11,180.03,181.27,176.32,176.63,34282900,0.0,0.0,GOOGL
2025-07-10,177.46,178.27,174.22,175.47,29252400,0.0,0.0,GOOGL
2025-07-09,176.46,179.28,172.62,175.09,43025600,0.0,0.0,GOOGL
2025-07-08,174.2,177.79,172.66,177.69,40442500,0.0,0.0,GOOGL
2025-07-07,176.63,179.14,175.52,178.9,34175600,0.0,0.0,GOOGL
2025-07-03,179.37,179.51,176.89,178.34,21689700,0.0,0.0,GOOGL
2025-07-02,178.48,178.7,174.91,175.38,29128900,0.0,0.0,GOOGL
2025-07-01,175.68,175.93,173.37,175.58,35904500,0.0,0.0,GOOGL
2025-06-30,176.07,181.07,174.42,180.62,63378900,0.0,0.0,GOOGL
2025-06-27,178.37,178.52,171.58,173.38,108140200,0.0,0.0,GOOGL
2025-06-26,173.38,173.53,169.79,172.28,31796700,0.0,0.0,GOOGL
2025-06-25,170.53,172.21,167.4,167.48,35479000,0.0,0.0,GOOGL
2025-06-24,166.62,168.07,165.98,166.77,40524300,0.0,0.0,GOOGL
2025-06-23,165.04,167.19,161.86,166.12,57671000,0.0,0.0,GOOGL
2025-06-20,166.49,174.18,165.31,173.79,75659900,0.0,0.0,GOOGL
2025-06-18,173.17,176.4,173.05,175.85,28707500,0.0,0.0,GOOGL
2025-06-17,175.79,177.2,174.42,175.54,24973000,0.0,0.0,GOOGL
2025-06-16,176.61,176.78,174.49,174.57,27389200,0.0,0.0,GOOGL
2025-06-13,174.51,176.97,172.24,172.29,27663100,0.0,0.0,GOOGL
2025-06-12,175.54,176.56,174.59,176.02,20941900,0.0,0.0,GOOGL
2025-06-11,177.19,180.21,176.59,179.61,31646800,0.0,0.0,GOOGL
2025-06-10,178.44,180.95,174.75,176.04,61766100,0.0,0.0,GOOGL
2025-06-09,175.93,176.31,174.21,174.38,28935900,0.21,0.0,GOOGL
2025-06-06,173.31,174.13,170.47,170.47,35731800,0.0,0.0,GOOGL
2025-06-05,167.86,170.57,167.24,169.98,36379100,0.0,0.0,GOOGL
2025-06-04,167.7,167.87,166.01,166.39,26900800,0.0,0.0,GOOGL
2025-06-03,165.83,168.13,164.93,167.14,45084900,0.0,0.0,GOOGL
2025-06-02,168.67,169.51,167.04,167.49,38612300,0.0,0.0,GOOGL
2025-05-30,171.38,171.85,167.09,170.99,52639900,0.0,0.0,GOOGL
2025-05-29,171.5,174.05,170.27,173.63,29317300,0.0,0.0,GOOGL
2025-05-28,172.0,174.9,171.55,172.8,34784000,0.0,0.0,GOOGL
2025-05-27,172.54,172.81,169.64,169.8,37995700,0.0,0.0,GOOGL
2025-05-23,168.12,169.6,167.54,168.7,35211400,0.0,0.0,GOOGL
2025-05-22,170.51,176.4,170.35,171.49,74864400,0.0,0.0,GOOGL
2025-05-21,168.21,172.78,163.22,163.35,73416000,0.0,0.0,GOOGL
2025-05-20,163.64,168.15,162.56,166.08,46607700,0.0,0.0,GOOGL
2025-05-19,166.19,166.29,163.87,164.16,30426100,0.0,0.0,GOOGL
2025-05-16,165.84,168.99,165.27,167.38,42846900,0.0,0.0,GOOGL
2025-05-15,163.62,165.86,162.03,165.49,33146700,0.0,0.0,GOOGL
2025-05-14,165.02,166.65,159.27,159.62,48755900,0.0,0.0,GOOGL
2025-05-13,159.19,160.23,155.83,158.46,42382100,0.0,0.0,GOOGL
2025-05-12,158.13,158.77,155.92,157.16,44138800,0.0,0.0,GOOGL
2025-05-09,152.43,154.72,151.88,153.85,32435300,0.0,0.0,GOOGL
2025-05-08,153.96,155.6,152.58,154.67,57498700,0.0,0.0,GOOGL
2025-05-07,151.06,164.65,147.53,163.74,127490100,0.0,0.0,GOOGL
2025-05-06,162.89,164.45,160.85,161.83,21277200,0.0,0.0,GOOGL
2025-05-05,163.86,165.04,162.38,162.66,21341800,0.0,0.0,GOOGL
2025-05-02,163.69,164.62,161.53,163.07,25715000,0.0,0.0,GOOGL
2025-05-01,160.96,161.61,158.58,160.11,30203200,0.0,0.0,GOOGL
2025-04-30,158.47,158.94,155.07,157.65,34981100,0.0,0.0,GOOGL
2025-04-29,159.82,160.4,157.19,159.98,26809000,0.0,0.0,GOOGL
2025-04-28,160.27,162.81,158.27,162.09,29745800,0.0,0.0,GOOGL
2025-04-25,161.62,165.75,160.7,164.72,56034000,0.0,0.0,GOOGL
2025-04-24,158.95,159.25,155.46,155.82,45894000,0.0,0.0,GOOGL
2025-04-23,155.02,157.2,153.49,155.28,31128800,0.0,0.0,GOOGL
2025-04-22,151.15,151.87,148.23,148.58,26971800,0.0,0.0,GOOGL
2025-04-21,147.36,148.64,145.79,148.57,26049100,0.0,0.0,GOOGL
2025-04-17,150.84,154.35,148.19,153.97,33046600,0.0,0.0,GOOGL
2025-04-16,153.01,155.56,151.19,152.78,28187400,0.0,0.0,GOOGL
2025-04-15,155.98,159.31,154.88,158.8,27551500,0.0,0.0,GOOGL
2025-04-14,158.74,161.38,157.23,159.66,30333000,0.0,0.0,GOOGL
2025-04-11,156.81,157.34,152.5,152.58,33636200,0.0,0.0,GOOGL
2025-04-10,152.5,157.39,149.61,156.21,48022000,0.0,0.0,GOOGL
2025-04-09,158.38,159.21,143.61,144.12,70406200,0.0,0.0,GOOGL
2025-04-08,144.4,151.92,142.73,150.9,52200200,0.0,0.0,GOOGL
2025-04-07,146.44,152.53,140.23,141.25,76794100,0.0,0.0,GOOGL
2025-04-04,145.29,150.75,145.07,147.7,62259500,0.0,0.0,GOOGL
2025-04-03,150.4,152.46,150.07,150.79,46883400,0.0,0.0,GOOGL
2025-04-02,156.71,158.08,154.37,154.82,25041700,0.0,0.0,GOOGL
2025-04-01,156.74,157.77,153.3,153.3,30672900,0.0,0.0,GOOGL
2025-03-31,154.32,155.21,150.34,152.79,54603500,0.0,0.0,GOOGL
2025-03-28,154.01,161.48,153.31,160.15,48669300,0.0,0.0,GOOGL
2025-03-27,161.9,165.07,161.66,164.28,24508300,0.0,0.0,GOOGL
2025-03-26,164.71,169.25,164.49,168.64,28901600,0.0,0.0,GOOGL
2025-03-25,170.2,170.27,167.97,168.62,24174400,0.0,0.0,GOOGL
2025-03-24,167.33,167.97,164.79,166.72,30879100,0.0,0.0,GOOGL
2025-03-21,163.65,163.89,160.55,160.87,36625800,0.0,0.0,GOOGL
2025-03-20,162.46,164.54,160.62,161.23,28138500,0.0,0.0,GOOGL
2025-03-19,163.55,165.52,160.66,161.42,34275600,0.0,0.0,GOOGL
2025-03-18,160.33,163.9,156.39,163.34,42074800,0.0,0.0,GOOGL
2025-03-17,163.94,165.95,163.33,164.68,31184300,0.0,0.0,GOOGL
2025-03-14,165.14,166.14,162.11,162.93,31995900,0.0,0.0,GOOGL
2025-03-13,162.42,165.78,161.77,165.69,31756200,0.0,0.0,GOOGL
2025-03-12,166.76,167.29,163.19,166.23,28372400,0.0,0.0,GOOGL
2025-03-11,163.7,166.4,161.03,164.56,39587400,0.0,0.0,GOOGL
2025-03-10,165.52,168.11,163.35,167.91,43604000,0.2,0.0,GOOGL
2025-03-07,173.3,174.4,169.72,170.7,27385800,0.0,0.0,GOOGL
2025-03-06,171.79,174.24,169.95,169.98,28302000,0.0,0.0,GOOGL
2025-03-05,172.46,173.22,168.51,169.97,30954900,0.0,0.0,GOOGL
2025-03-04,170.36,172.73,165.26,165.7,45388000,0.0,0.0,GOOGL
2025-03-03,166.47,172.81,165.39,171.37,40770500,0.0,0.0,GOOGL
2025-02-28,169.73,170.06,166.23,168.13,48130600,0.0,0.0,GOOGL
2025-02-27,167.95,173.99,167.39,173.42,39991000,0.0,0.0,GOOGL
2025-02-26,172.17,175.51,171.02,174.5,35431300,0.0,0.0,GOOGL
2025-02-25,174.85,178.16,174.12,177.46,41913400,0.0,0.0,GOOGL
2025-02-24,178.67,182.52,178.31,181.4,29854200,0.0,0.0,GOOGL
2025-02-21,179.08,184.74,178.5,184.55,35199200,0.0,0.0,GOOGL
2025-02-20,183.96,184.71,182.13,184.2,20441500,0.0,0.0,GOOGL
2025-02-19,184.67,184.86,182.99,183.47,19549400,0.0,0.0,GOOGL
2025-02-18,183.17,185.36,181.15,185.0,29916700,0.0,0.0,GOOGL
2025-02-14,184.63,185.79,183.72,184.46,20448400,0.0,0.0,GOOGL
2025-02-13,185.54,185.67,182.54,183.72,21402500,0.0,0.0,GOOGL
2025-02-12,183.01,184.51,181.24,182.62,22072600,0.0,0.0,GOOGL
2025-02-11,184.72,186.33,183.68,184.43,21239500,0.0,0.0,GOOGL
2025-02-10,185.86,187.59,185.26,186.74,23105600,0.0,0.0,GOOGL
2025-02-07,184.74,190.56,182.64,190.43,49315000,0.0,0.0,GOOGL
2025-02-06,190.98,191.48,188.11,188.88,29297400,0.0,0.0,GOOGL
2025-02-05,190.71,192.12,187.42,190.45,70373900,0.0,0.0,GOOGL
2025-02-04,205.71,206.38,202.15,202.73,43856400,0.0,0.0,GOOGL
2025-02-03,200.58,203.09,199.45,200.04,27838300,0.0,0.0,GOOGL
2025-01-31,203.36,204.81,201.14,201.34,32001100,0.0,0.0,GOOGL
2025-01-30,200.22,200.75,197.03,197.36,24354700,0.0,0.0,GOOGL
2025-01-29,194.77,196.15,192.8,194.92,18218300,0.0,0.0,GOOGL
2025-01-28,194.67,194.84,190.06,192.12,24157900,0.0,0.0,GOOGL
2025-01-27,191.19,196.24,190.11,191.78,41728900,0.0,0.0,GOOGL
2025-01-24,199.56,200.25,197.36,197.46,23877500,0.0,0.0,GOOGL
2025-01-23,197.34,199.65,194.57,197.5,26951400,0.0,0.0,GOOGL
2025-01-22,197.73,199.83,196.89,198.41,26200600,0.0,0.0,GOOGL
2025-01-21,197.41,201.63,197.23,198.42,29971300,0.0,0.0,GOOGL
2025-01-17,195.36,196.59,193.12,195.89,27735100,0.0,0.0,GOOGL
2025-01-16,192.28,194.84,192.18,193.51,17815400,0.0,0.0,GOOGL
2025-01-15,194.91,195.72,191.24,192.46,21776000,0.0,0.0,GOOGL
2025-01-14,189.04,191.36,187.7,190.62,17174900,0.0,0.0,GOOGL
2025-01-13,190.39,190.56,186.75,189.45,21823700,0.0,0.0,GOOGL
2025-01-10,191.42,195.88,189.69,193.67,26665200,0.0,0.0,GOOGL
2025-01-08,193.32,195.65,191.75,191.94,24864800,0.0,0.0,GOOGL
2025-01-07,194.85,200.35,193.97,196.47,26487200,0.0,0.0,GOOGL
2025-01-06,196.23,197.58,193.22,193.35,29563600,0.0,0.0,GOOGL
2025-01-03,191.17,192.58,189.36,190.75,18596200,0.0,0.0,GOOGL
2025-01-02,188.81,191.38,186.89,190.03,20370800,0.0,0.0,GOOGL
2024-12-31,188.68,191.34,187.9,190.46,17466900,0.0,0.0,GOOGL
2024-12-30,190.62,191.92,188.51,189.18,14264700,0.0,0.0,GOOGL
2024-12-27,192.13,194.69,190.03,194.32,18891400,0.0,0.0,GOOGL
2024-12-26,194.96,196.11,193.75,194.52,12046600,0.0,0.0,GOOGL
2024-12-24,195.47,195.47,193.15,194.21,10403300,0.0,0.0,GOOGL
2024-12-23,194.0,194.47,189.53,191.99,25675000,0.0,0.0,GOOGL
2024-12-20,190.79,192.26,184.62,185.18,63462900,0.0,0.0,GOOGL
2024-12-19,187.9,192.4,187.77,191.01,32265200,0.0,0.0,GOOGL
2024-12-18,187.79,196.36,187.13,194.59,34166100,0.0,0.0,GOOGL
2024-12-17,194.78,200.77,194.35,196.61,43504000,0.0,0.0,GOOGL
2024-12-16,196.02,198.35,191.99,192.24,44934900,0.0,0.0,GOOGL
2024-12-13,189.2,192.1,189.02,190.39,25143500,0.0,0.0,GOOGL
2024-12-12,191.34,194.55,191.09,194.37,34817500,0.0,0.0,GOOGL
2024-12-11,194.77,194.97,184.25,184.71,67894100,0.0,0.0,GOOGL
2024-12-10,184.57,185.75,180.46,182.26,54813000,0.0,0.0,GOOGL
2024-12-09,174.8,175.69,173.09,173.39,25389600,0.2,0.0,GOOGL
2024-12-06,173.94,174.31,171.11,171.27,21462400,0.0,0.0,GOOGL
2024-12-05,171.88,175.29,171.57,174.59,21356200,0.0,0.0,GOOGL
2024-12-04,173.6,174.14,170.31,170.4,31615100,0.0,0.0,GOOGL
2024-12-03,170.59,171.92,170.1,170.74,22248700,0.0,0.0,GOOGL
2024-12-02,170.74,171.32,167.83,168.03,23789100,0.0,0.0,GOOGL
2024-11-29,168.21,168.69,166.43,167.76,14257200,0.0,0.0,GOOGL
2024-11-27,168.49,168.74,167.28,168.26,19266500,0.0,0.0,GOOGL
2024-11-26,168.38,169.07,166.84,166.89,20486700,0.0,0.0,GOOGL
2024-11-25,166.91,167.89,164.88,165.36,33135300,0.0,0.0,GOOGL
2024-11-22,164.04,165.73,163.18,165.12,38604600,0.0,0.0,GOOGL
2024-11-21,166.89,173.37,162.98,173.14,59734400,0.0,0.0,GOOGL
2024-11-20,175.21,176.9,173.02,176.56,18997100,0.0,0.0,GOOGL
2024-11-19,177.34,178.08,172.8,172.96,23434900,0.0,0.0,GOOGL
2024-11-18,174.53,174.67,172.14,172.66,20135300,0.0,0.0,GOOGL
2024-11-15,171.73,173.38,170.47,172.97,32504600,0.0,0.0,GOOGL
2024-11-14,174.81,178.03,173.55,177.5,31007500,0.0,0.0,GOOGL
2024-11-13,178.09,180.17,177.76,179.67,23184000,0.0,0.0,GOOGL
2024-11-12,180.82,181.69,178.6,179.03,25134900,0.0,0.0,GOOGL
2024-11-11,179.56,179.76,177.69,177.8,17450400,0.0,0.0,GOOGL
2024-11-08,177.57,180.11,177.3,179.86,22006200,0.0,0.0,GOOGL
2024-11-07,179.96,180.28,176.41,176.63,25352900,0.0,0.0,GOOGL
2024-11-06,175.74,176.16,172.74,173.04,33695500,0.0,0.0,GOOGL
2024-11-05,168.99,169.78,168.1,168.69,18242100,0.0,0.0,GOOGL
2024-11-04,168.5,169.98,167.27,169.18,21492700,0.0,0.0,GOOGL
2024-11-01,170.54,171.56,168.14,169.32,31796500,0.0,0.0,GOOGL
2024-10-31,170.36,176.04,170.25,172.37,44769000,0.0,0.0,GOOGL
2024-10-30,173.69,181.22,173.3,179.89,68890800,0.0,0.0,GOOGL
2024-10-29,168.93,169.63,166.36,166.99,42169000,0.0,0.0,GOOGL
2024-10-28,165.99,168.01,163.23,168.01,32138600,0.0,0.0,GOOGL
2024-10-25,164.54,164.86,162.7,162.95,19828900,0.0,0.0,GOOGL
2024-10-24,162.01,162.61,160.3,162.12,22412500,0.0,0.0,GOOGL
2024-10-23,162.07,165.09,161.22,164.04,18280500,0.0,0.0,GOOGL
2024-10-22,164.41,165.04,162.26,162.26,16568100,0.0,0.0,GOOGL
2024-10-21,163.35,163.78,161.91,162.23,20946500,0.0,0.0,GOOGL
2024-10-18,162.7,163.99,162.36,162.47,19757700,0.0,0.0,GOOGL
2024-10-17,162.21,165.64,162.05,165.0,21453400,0.0,0.0,GOOGL
2024-10-16,164.43,165.07,163.02,163.81,16406000,0.0,0.0,GOOGL
2024-10-15,164.73,166.94,163.91,165.06,20247200,0.0,0.0,GOOGL
2024-10-14,164.24,165.5,162.68,162.92,19016100,0.0,0.0,GOOGL
2024-10-11,162.52,163.18,160.53,161.42,15344300,0.0,0.0,GOOGL
2024-10-10,161.37,162.35,159.7,160.16,14144100,0.0,0.0,GOOGL
2024-10-09,161.15,164.12,159.04,162.73,31181800,0.0,0.0,GOOGL
2024-10-08,163.66,164.01,162.15,163.22,23072700,0.0,0.0,GOOGL
2024-10-07,162.26,167.74,162.04,166.98,22463100,0.0,0.0,GOOGL
2024-10-04,166.33,167.49,164.75,167.32,19047400,0.0,0.0,GOOGL
2024-10-03,165.13,165.91,163.2,163.69,15073100,0.0,0.0,GOOGL
2024-10-02,165.13,166.78,164.01,165.69,17760200,0.0,0.0,GOOGL
2025-10-01,519.71,520.51,511.69,514.8,22615900,0.0,0.0,MSFT
2025-09-30,517.95,518.16,509.66,513.24,19712400,0.0,0.0,MSFT
2025-09-29,514.6,516.85,508.88,511.5,17617800,0.0,0.0,MSFT
2025-09-26,511.46,513.94,506.62,510.06,16213100,0.0,0.0,MSFT
2025-09-25,507.03,510.01,505.04,508.3,15786500,0.0,0.0,MSFT
2025-09-24,510.15,512.48,506.92,510.38,13533700,0.0,0.0,MSFT
2025-09-23,509.23,514.59,507.31,513.8,19799600,0.0,0.0,MSFT
2025-09-22,514.45,517.74,512.54,515.59,20009300,0.0,0.0,MSFT
2025-09-19,517.93,519.3,510.31,510.56,52474100,0.0,0.0,MSFT
2025-09-18,508.45,513.07,507.66,511.49,18913700,0.0,0.0,MSFT
2025-09-17,510.02,511.29,505.93,510.62,15816600,0.0,0.0,MSFT
2025-09-16,509.04,517.23,508.6,516.88,19711900,0.0,0.0,MSFT
2025-09-15,515.36,515.47,507.0,508.79,17143800,0.0,0.0,MSFT
2025-09-12,509.9,512.55,503.85,506.65,23624900,0.0,0.0,MSFT
2025-09-11,501.01,503.17,497.88,502.25,18881600,0.0,0.0,MSFT
2025-09-10,500.37,503.23,496.72,502.98,21611800,0.0,0.0,MSFT
2025-09-09,498.41,502.25,497.7,501.43,14410500,0.0,0.0,MSFT
2025-09-08,498.2,501.2,495.03,498.11,16771000,0.0,0.0,MSFT
2025-09-05,495.0,511.97,492.37,509.07,31994800,0.0,0.0,MSFT
2025-09-04,507.97,508.15,503.15,504.3,15509500,0.0,0.0,MSFT
2025-09-03,505.35,507.79,502.32,503.79,16345100,0.0,0.0,MSFT
2025-09-02,505.12,506.0,496.81,500.47,18128000,0.0,0.0,MSFT
2025-08-29,506.69,509.6,504.49,508.66,20961600,0.0,0.0,MSFT
2025-08-28,509.64,511.09,505.5,507.09,18015600,0.0,0.0,MSFT
2025-08-27,506.74,507.29,499.9,502.0,17277900,0.0,0.0,MSFT
2025-08-26,502.04,504.98,498.51,504.36,30835700,0.0,0.0,MSFT
2025-08-25,504.26,508.19,504.12,506.63,21638600,0.0,0.0,MSFT
2025-08-22,507.23,510.73,502.41,504.25,24324200,0.0,0.0,MSFT
2025-08-21,504.24,507.63,502.72,503.69,18443300,0.83,0.0,MSFT
2025-08-20,504.89,510.16,503.61,509.03,27723000,0.0,0.0,MSFT
2025-08-19,508.93,514.31,507.72,514.15,21481000,0.0,0.0,MSFT
2025-08-18,516.25,521.96,513.18,520.73,23760600,0.0,0.0,MSFT
2025-08-15,519.32,525.24,518.23,521.91,25213300,0.0,0.0,MSFT
2025-08-14,521.62,525.09,519.29,521.7,20269100,0.0,0.0,MSFT
2025-08-13,519.73,531.83,518.52,531.24,19619200,0.0,0.0,MSFT
2025-08-12,528.37,530.11,521.84,522.89,18667000,0.0,0.0,MSFT
2025-08-11,520.91,526.72,518.87,521.44,20194400,0.0,0.0,MSFT
2025-08-08,521.18,523.8,518.56,521.74,15531000,0.0,0.0,MSFT
2025-08-07,519.99,527.22,516.7,525.94,16079100,0.0,0.0,MSFT
2025-08-06,524.08,530.83,523.17,530.03,21355700,0.0,0.0,MSFT
2025-08-05,526.88,536.42,526.37,536.3,19171600,0.0,0.0,MSFT
2025-08-04,534.76,537.37,527.26,527.4,25349000,0.0,0.0,MSFT
2025-08-01,523.25,534.92,520.01,534.12,28977600,0.0,0.0,MSFT
2025-07-31,532.62,554.54,531.03,554.32,51617300,0.0,0.0,MSFT
2025-07-30,512.4,515.1,508.6,514.32,26380400,0.0,0.0,MSFT
2025-07-29,511.73,516.77,510.72,514.68,16469200,0.0,0.0,MSFT
2025-07-28,511.66,514.15,509.28,513.24,14308000,0.0,0.0,MSFT
2025-07-25,512.87,517.44,509.52,511.63,19125700,0.0,0.0,MSFT
2025-07-24,510.04,512.83,506.47,507.93,16107000,0.0,0.0,MSFT
2025-07-23,505.04,505.96,499.88,505.92,16396600,0.0,0.0,MSFT
2025-07-22,504.44,510.36,504.44,510.13,13868600,0.0,0.0,MSFT
2025-07-21,509.22,511.25,504.72,505.88,14066800,0.0,0.0,MSFT
2025-07-18,509.21,513.8,506.6,513.64,21209700,0.0,0.0,MSFT
2025-07-17,510.86,512.53,504.79,504.85,17503100,0.0,0.0,MSFT
2025-07-16,504.79,505.89,501.07,504.35,15154400,0.0,0.0,MSFT
2025-07-15,504.99,507.47,501.96,502.19,14927200,0.0,0.0,MSFT
2025-07-14,502.19,503.14,500.21,500.7,12058800,0.0,0.0,MSFT
2025-07-11,502.49,504.2,496.98,497.65,16459500,0.0,0.0,MSFT
2025-07-10,500.66,503.61,496.93,502.22,16492100,0.0,0.0,MSFT
2025-07-09,502.68,505.95,498.92,499.48,18659500,0.0,0.0,MSFT
2025-07-08,495.8,497.38,493.3,496.42,11846600,0.0,0.0,MSFT
2025-07-07,496.9,497.93,494.42,496.56,13981600,0.0,0.0,MSFT
2025-07-03,498.02,499.31,492.63,493.0,13984800,0.0,0.0,MSFT
2025-07-02,490.28,492.69,487.9,489.19,16319600,0.0,0.0,MSFT
2025-07-01,491.24,497.23,490.17,495.66,19945400,0.0,0.0,MSFT
2025-06-30,496.59,499.94,494.52,496.22,28369000,0.0,0.0,MSFT
2025-06-27,495.13,498.48,492.22,496.73,34539200,0.0,0.0,MSFT
2025-06-26,496.63,497.22,492.0,492.17,21578900,0.0,0.0,MSFT
2025-06-25,491.46,493.75,488.59,491.23,17495100,0.0,0.0,MSFT
2025-06-24,489.31,491.04,486.0,488.15,22305600,0.0,0.0,MSFT
2025-06-23,485.2,486.95,471.73,477.43,24864000,0.0,0.0,MSFT
2025-06-20,476.62,482.67,476.09,481.44,37576200,0.0,0.0,MSFT
2025-06-18,479.45,480.21,473.68,477.22,17526500,0.0,0.0,MSFT
2025-06-17,477.26,477.95,473.3,474.62,15414100,0.0,0.0,MSFT
2025-06-16,478.35,479.9,474.22,474.43,15626100,0.0,0.0,MSFT
2025-06-13,474.18,478.39,471.98,475.63,16814500,0.0,0.0,MSFT
2025-06-12,478.08,479.63,472.74,474.24,18950600,0.0,0.0,MSFT
2025-06-11,471.84,474.69,468.89,469.25,16399200,0.0,0.0,MSFT
2025-06-10,470.15,472.02,466.19,470.42,15375900,0.0,0.0,MSFT
2025-06-09,471.97,472.65,467.85,468.93,16469900,0.0,0.0,MSFT
2025-06-06,469.61,472.56,468.01,469.32,15285600,0.0,0.0,MSFT
2025-06-05,466.91,468.88,463.27,464.2,20131700,0.0,0.0,MSFT
2025-06-04,463.11,464.93,462.26,463.24,14162700,0.0,0.0,MSFT
2025-06-03,462.21,463.38,460.1,460.71,15743800,0.0,0.0,MSFT
2025-06-02,461.21,461.35,456.14,456.39,16626500,0.0,0.0,MSFT
2025-05-30,459.6,460.92,454.79,458.97,34770500,0.0,0.0,MSFT
2025-05-29,457.93,460.96,454.56,460.79,13974800,0.0,0.0,MSFT
2025-05-28,456.61,461.76,456.18,460.46,17086300,0.0,0.0,MSFT
2025-05-27,459.93,460.19,455.37,455.73,20974300,0.0,0.0,MSFT
2025-05-23,449.44,452.95,448.17,449.24,16883500,0.0,0.0,MSFT
2025-05-22,454.11,459.49,453.16,454.2,18025600,0.0,0.0,MSFT
2025-05-21,451.83,457.03,451.07,453.82,19216900,0.0,0.0,MSFT
2025-05-20,457.42,457.59,453.57,454.84,15441800,0.0,0.0,MSFT
2025-05-19,458.12,458.84,450.06,450.14,21336500,0.0,0.0,MSFT
2025-05-16,453.52,453.61,447.99,451.31,23849800,0.0,0.0,MSFT
2025-05-15,452.39,455.44,449.69,450.03,21992300,0.83,0.0,MSFT
2025-05-14,451.37,452.32,446.58,446.58,19902800,0.0,0.0,MSFT
2025-05-13,447.58,449.11,443.81,446.23,23618800,0.0,0.0,MSFT
2025-05-12,447.7,447.81,438.25,444.39,22821900,0.0,0.0,MSFT
2025-05-09,437.21,439.21,434.37,438.47,15324200,0.0,0.0,MSFT
2025-05-08,436.65,442.13,434.15,436.41,23491300,0.0,0.0,MSFT
2025-05-07,431.85,436.6,429.61,432.33,23295300,0.0,0.0,MSFT
2025-05-06,431.81,436.21,429.67,430.7,15104200,0.0,0.0,MSFT
2025-05-05,434.66,437.97,430.61,431.37,20136100,0.0,0.0,MSFT
2025-05-02,433.77,437.91,428.5,430.24,30757400,0.0,0.0,MSFT
2025-05-01,423.92,435.47,423.43,429.61,58938100,0.0,0.0,MSFT
2025-04-30,393.89,395.28,383.11,388.95,36461100,0.0,0.0,MSFT
2025-04-29,392.67,393.73,389.03,389.94,14974000,0.0,0.0,MSFT
2025-04-28,389.8,391.38,385.3,390.6,16579400,0.0,0.0,MSFT
2025-04-25,390.49,390.8,383.27,385.66,18973200,0.0,0.0,MSFT
2025-04-24,385.96,387.1,373.89,374.4,22232300,0.0,0.0,MSFT
2025-04-23,373.09,379.07,371.73,374.75,20545500,0.0,0.0,MSFT
2025-04-22,365.55,366.49,358.61,362.12,19485000,0.0,0.0,MSFT
2025-04-21,357.87,363.22,354.44,361.56,20807300,0.0,0.0,MSFT
2025-04-17,366.5,373.02,365.62,372.45,21120200,0.0,0.0,MSFT
2025-04-16,370.32,380.29,366.72,379.35,21967800,0.0,0.0,MSFT
2025-04-15,384.39,390.53,382.83,387.16,17199900,0.0,0.0,MSFT
2025-04-14,386.46,393.28,382.88,391.86,19251200,0.0,0.0,MSFT
2025-04-11,387.1,388.7,377.58,379.32,23839200,0.0,0.0,MSFT
2025-04-10,380.03,382.57,366.52,380.73,38024400,0.0,0.0,MSFT
2025-04-09,389.13,391.87,351.87,352.31,50199700,0.0,0.0,MSFT
2025-04-08,353.33,372.35,349.03,366.98,35868900,0.0,0.0,MSFT
2025-04-07,356.62,369.71,343.59,349.66,50425000,0.0,0.0,MSFT
2025-04-04,358.59,373.29,358.23,362.87,49209900,0.0,0.0,MSFT
2025-04-03,371.82,376.17,368.07,373.49,30198000,0.0,0.0,MSFT
2025-04-02,380.81,383.74,375.31,376.66,16092600,0.0,0.0,MSFT
2025-04-01,380.86,381.52,371.93,373.35,19689500,0.0,0.0,MSFT
2025-03-31,374.09,375.76,365.97,371.25,35184700,0.0,0.0,MSFT
2025-03-28,377.49,387.78,375.62,386.73,21632000,0.0,0.0,MSFT
2025-03-27,389.22,390.88,386.06,388.78,13766800,0.0,0.0,MSFT
2025-03-26,388.62,393.94,387.22,393.63,16108400,0.0,0.0,MSFT
2025-03-25,393.79,394.98,391.28,392.55,15775000,0.0,0.0,MSFT
2025-03-24,391.72,394.03,388.46,394.03,21004500,0.0,0.0,MSFT
2025-03-21,389.9,390.38,381.47,381.89,39675900,0.0,0.0,MSFT
2025-03-20,385.5,390.43,381.95,384.4,18470500,0.0,0.0,MSFT
2025-03-19,386.47,388.33,382.67,384.19,19185500,0.0,0.0,MSFT
2025-03-18,382.19,386.03,379.78,385.73,19486900,0.0,0.0,MSFT
2025-03-17,387.35,391.35,384.23,385.36,22474300,0.0,0.0,MSFT
2025-03-14,387.21,388.88,378.19,378.46,19952800,0.0,0.0,MSFT
2025-03-13,377.46,383.98,376.14,381.83,20473000,0.0,0.0,MSFT
2025-03-12,381.94,383.88,377.63,381.62,24253600,0.0,0.0,MSFT
2025-03-11,379.13,384.66,375.6,377.68,30380200,0.0,0.0,MSFT
2025-03-10,378.84,385.06,375.91,384.5,32840100,0.0,0.0,MSFT
2025-03-07,391.94,393.43,384.2,390.96,22034100,0.0,0.0,MSFT
2025-03-06,395.51,400.75,391.32,392.91,23304600,0.0,0.0,MSFT
2025-03-05,399.63,400.28,387.46,387.99,23433100,0.0,0.0,MSFT
2025-03-04,387.26,391.22,379.68,382.07,29342900,0.0,0.0,MSFT
2025-03-03,387.14,397.44,384.82,397.44,23007700,0.0,0.0,MSFT
2025-02-28,395.61,396.25,385.23,391.3,32845700,0.0,0.0,MSFT
2025-02-27,391.17,404.33,390.81,399.88,21127400,0.0,0.0,MSFT
2025-02-26,398.34,402.2,392.88,396.63,19619000,0.0,0.0,MSFT
2025-02-25,396.52,400.53,395.32,399.71,29387400,0.0,0.0,MSFT
2025-02-24,402.6,407.95,397.93,407.09,26443700,0.0,0.0,MSFT
2025-02-21,406.79,416.6,406.47,415.89,27524800,0.0,0.0,MSFT
2025-02-20,414.69,417.85,411.11,413.85,23508700,0.83,0.0,MSFT
2025-02-19,412.5,413.22,405.42,405.65,24114200,0.0,0.0,MSFT
2025-02-18,407.4,408.36,404.28,405.77,21423100,0.0,0.0,MSFT
2025-02-14,406.2,406.68,403.66,405.56,22758500,0.0,0.0,MSFT
2025-02-13,408.3,408.75,404.14,404.78,23891700,0.0,0.0,MSFT
2025-02-12,406.8,408.51,402.16,404.98,19121700,0.0,0.0,MSFT
2025-02-11,409.19,410.24,407.06,407.4,18140600,0.0,0.0,MSFT
2025-02-10,409.97,413.19,408.67,411.45,20817900,0.0,0.0,MSFT
2025-02-07,407.51,416.36,405.87,414.2,22886800,0.0,0.0,MSFT
2025-02-06,413.55,415.91,411.74,411.74,16309800,0.0,0.0,MSFT
2025-02-05,411.03,411.57,408.16,410.1,16316700,0.0,0.0,MSFT
2025-02-04,410.12,411.66,407.5,410.43,20532100,0.0,0.0,MSFT
2025-02-03,408.67,413.14,406.43,409.35,25679100,0.0,0.0,MSFT
2025-01-31,412.79,418.39,412.64,416.69,34161900,0.0,0.0,MSFT
2025-01-30,412.72,420.55,410.9,416.48,54586300,0.0,0.0,MSFT
2025-01-29,439.91,444.44,437.99,444.25,23581400,0.0,0.0,MSFT
2025-01-28,444.76,445.93,429.02,432.22,23491700,0.0,0.0,MSFT
2025-01-27,432.19,432.82,421.19,421.69,35647800,0.0,0.0,MSFT
2025-01-24,441.63,444.21,438.99,442.73,15549500,0.0,0.0,MSFT
2025-01-23,444.27,444.31,439.09,439.58,18389300,0.0,0.0,MSFT
2025-01-22,443.76,444.83,433.62,435.17,27803800,0.0,0.0,MSFT
2025-01-21,426.16,428.55,423.27,427.85,26085700,0.0,0.0,MSFT
2025-01-17,426.69,432.11,425.83,431.72,26197500,0.0,0.0,MSFT
2025-01-16,422.26,427.14,422.07,426.36,15300000,0.0,0.0,MSFT
2025-01-15,423.98,425.81,415.98,416.84,19637800,0.0,0.0,MSFT
2025-01-14,413.4,417.45,408.48,415.53,16935900,0.0,0.0,MSFT
2025-01-13,414.91,416.21,410.04,412.97,17604800,0.0,0.0,MSFT
2025-01-10,416.66,422.39,412.75,422.31,20201100,0.0,0.0,MSFT
2025-01-08,422.24,424.64,419.24,421.15,15054600,0.0,0.0,MSFT
2025-01-07,420.06,428.3,418.5,426.66,18139100,0.0,0.0,MSFT
2025-01-06,425.51,431.95,423.15,425.66,20573600,0.0,0.0,MSFT
2025-01-03,421.04,421.71,417.25,418.78,16662900,0.0,0.0,MSFT
2025-01-02,416.29,423.74,412.58,423.2,16896500,0.0,0.0,MSFT
2024-12-31,419.2,424.4,418.36,423.77,13246500,0.0,0.0,MSFT
2024-12-30,422.51,425.21,419.59,423.73,13158700,0.0,0.0,MSFT
2024-12-27,428.18,432.84,424.02,432.22,18117700,0.0,0.0,MSFT
2024-12-26,435.72,438.53,434.24,436.68,8194200,0.0,0.0,MSFT
2024-12-24,436.93,437.2,431.82,432.27,7164500,0.0,0.0,MSFT
2024-12-23,432.87,435.26,430.46,434.35,19152500,0.0,0.0,MSFT
2024-12-20,434.21,441.32,426.29,430.74,64263700,0.0,0.0,MSFT
2024-12-19,434.64,440.76,433.94,439.21,22963700,0.0,0.0,MSFT
2024-12-18,435.0,450.18,434.63,448.85,24444500,0.0,0.0,MSFT
2024-12-17,451.98,452.8,447.11,448.55,22733500,0.0,0.0,MSFT
2024-12-16,449.12,449.71,442.85,444.83,23598800,0.0,0.0,MSFT
2024-12-13,444.83,448.96,443.14,445.99,20177800,0.0,0.0,MSFT
2024-12-12,447.1,453.67,446.66,446.66,20834800,0.0,0.0,MSFT
2024-12-11,446.54,447.89,441.62,441.62,19200200,0.0,0.0,MSFT
2024-12-10,440.91,447.16,439.19,441.96,18469500,0.0,0.0,MSFT
2024-12-09,443.58,445.88,438.09,440.18,19144400,0.0,0.0,MSFT
2024-12-06,441.15,443.66,439.36,439.88,18821000,0.0,0.0,MSFT
2024-12-05,440.2,442.23,433.79,435.53,21697800,0.0,0.0,MSFT
2024-12-04,435.03,437.27,430.27,430.66,26009400,0.0,0.0,MSFT
2024-12-03,428.84,430.11,425.4,427.49,18302000,0.0,0.0,MSFT
2024-12-02,428.62,430.63,419.01,419.27,20207200,0.0,0.0,MSFT
2024-11-29,421.15,422.56,415.52,417.79,16271900,0.0,0.0,MSFT
2024-11-27,420.68,424.9,419.71,422.79,18332400,0.0,0.0,MSFT
2024-11-26,425.65,426.7,416.56,417.3,23458900,0.0,0.0,MSFT
2024-11-25,416.5,418.78,412.58,416.09,27691100,0.0,0.0,MSFT
2024-11-22,414.72,415.12,408.81,409.12,24814600,0.0,0.0,MSFT
2024-11-21,410.61,417.49,408.05,417.21,20780200,0.83,0.0,MSFT
2024-11-20,412.39,414.18,407.52,413.76,19191700,0.0,0.0,MSFT
2024-11-19,414.68,414.83,408.48,410.03,18133500,0.0,0.0,MSFT
2024-11-18,412.66,415.28,409.03,411.78,24727000,0.0,0.0,MSFT
2024-11-15,411.91,419.65,410.56,416.69,28247600,0.0,0.0,MSFT
2024-11-14,423.71,424.98,416.87,421.83,30246900,0.0,0.0,MSFT
2024-11-13,422.03,426.13,415.09,418.5,21502200,0.0,0.0,MSFT
2024-11-12,419.88,421.28,414.09,415.13,19401200,0.0,0.0,MSFT
2024-11-11,414.9,421.64,412.9,419.37,24503300,0.0,0.0,MSFT
2024-11-08,419.39,423.32,418.64,422.15,16891400,0.0,0.0,MSFT
2024-11-07,422.26,423.67,416.75,418.14,19901800,0.0,0.0,MSFT
2024-11-06,417.05,417.32,407.46,409.35,26681800,0.0,0.0,MSFT
2024-11-05,408.39,411.81,405.04,405.33,17626000,0.0,0.0,MSFT
2024-11-04,405.42,407.36,402.55,406.75,19672300,0.0,0.0,MSFT
2024-11-01,407.31,412.4,404.46,405.96,24230400,0.0,0.0,MSFT
2024-10-31,403.32,413.06,403.27,412.26,53971000,0.0,0.0,MSFT
2024-10-30,429.31,435.23,428.88,434.18,29749100,0.0,0.0,MSFT
2024-10-29,428.73,429.94,422.63,424.81,17644100,0.0,0.0,MSFT
2024-10-28,423.41,428.72,423.12,428.44,14882400,0.0,0.0,MSFT
2024-10-25,424.96,429.3,423.39,423.58,16899100,0.0,0.0,MSFT
2024-10-24,421.57,422.81,419.25,422.16,13581600,0.0,0.0,MSFT
2024-10-23,421.44,427.87,419.38,427.65,19654400,0.0,0.0,MSFT
2024-10-22,424.32,427.37,414.92,415.37,25482200,0.0,0.0,MSFT
2024-10-21,415.66,415.84,410.67,413.02,14206100,0.0,0.0,MSFT
2024-10-18,415.04,416.52,413.16,414.03,17145300,0.0,0.0,MSFT
2024-10-17,413.61,419.35,412.49,419.21,14820000,0.0,0.0,MSFT
2024-10-16,413.02,413.26,407.42,412.08,15508900,0.0,0.0,MSFT
2024-10-15,415.62,419.33,412.17,419.03,18900200,0.0,0.0,MSFT
2024-10-14,416.02,420.88,414.41,414.66,16653100,0.0,0.0,MSFT
2024-10-11,413.22,414.02,410.17,413.04,14144900,0.0,0.0,MSFT
2024-10-10,412.74,414.24,410.07,412.14,13848400,0.0,0.0,MSFT
2024-10-09,414.35,417.25,411.21,412.76,14974300,0.0,0.0,MSFT
2024-10-08,411.62,412.56,405.13,407.84,19229300,0.0,0.0,MSFT
2024-10-07,406.49,414.0,405.95,412.9,20919800,0.0,0.0,MSFT
2024-10-04,412.96,416.62,411.88,415.12,19169700,0.0,0.0,MSFT
2024-10-03,413.44,416.42,411.2,414.52,13686400,0.0,0.0,MSFT
2024-10-02,414.02,419.67,413.6,419.43,16582300,0.0,0.0,MSFT
2025-10-01,459.46,462.29,440.75,443.8,97617000,0.0,0.0,TSLA
2025-09-30,444.72,445.0,433.12,441.52,74358000,0.0,0.0,TSLA
2025-09-29,443.21,450.98,439.5,444.35,79491500,0.0,0.0,TSLA
2025-09-26,440.4,440.47,421.02,428.3,101628200,0.0,0.0,TSLA
2025-09-25,423.39,435.35,419.08,435.24,96746400,0.0,0.0,TSLA
2025-09-24,442.79,444.21,429.03,429.83,93133600,0.0,0.0,TSLA
2025-09-23,425.85,440.97,423.72,439.88,83422700,0.0,0.0,TSLA
2025-09-22,434.21,444.98,429.13,431.11,97108800,0.0,0.0,TSLA
2025-09-19,426.07,429.47,421.72,421.82,93131000,0.0,0.0,TSLA
2025-09-18,416.85,432.22,416.56,428.87,90454500,0.0,0.0,TSLA
2025-09-17,425.86,428.31,409.67,415.75,106133500,0.0,0.0,TSLA
2025-09-16,421.62,423.25,411.43,414.5,104285700,0.0,0.0,TSLA
2025-09-15,410.04,425.7,402.43,423.13,163823700,0.0,0.0,TSLA
2025-09-12,395.94,396.69,370.24,370.94,168156400,0.0,0.0,TSLA
2025-09-11,368.81,368.99,347.6,350.17,103756000,0.0,0.0,TSLA
2025-09-10,347.79,356.33,346.07,350.55,72121700,0.0,0.0,TSLA
2025-09-09,346.97,350.77,343.82,348.44,53816000,0.0,0.0,TSLA
2025-09-08,346.4,358.44,344.84,354.64,75208300,0.0,0.0,TSLA
2025-09-05,350.84,355.87,344.68,348.0,108989800,0.0,0.0,TSLA
2025-09-04,338.53,338.89,331.48,336.15,60711000,0.0,0.0,TSLA
2025-09-03,334.09,343.33,328.51,335.2,88733300,0.0,0.0,TSLA
2025-09-02,329.36,333.33,325.6,328.23,58392000,0.0,0.0,TSLA
2025-08-29,333.87,348.75,331.7,347.23,81145700,0.0,0.0,TSLA
2025-08-28,345.98,353.55,340.26,350.91,67903200,0.0,0.0,TSLA
2025-08-27,349.6,355.39,349.16,351.94,65519000,0.0,0.0,TSLA
2025-08-26,351.67,351.9,343.72,344.93,76651600,0.0,0.0,TSLA
2025-08-25,346.6,349.53,335.03,338.9,86670000,0.0,0.0,TSLA
2025-08-22,340.01,340.25,319.69,321.66,94016300,0.0,0.0,TSLA
2025-08-21,320.11,324.9,318.68,322.08,55744400,0.0,0.0,TSLA
2025-08-20,323.9,331.37,314.6,329.22,77481800,0.0,0.0,TSLA
2025-08-19,329.31,340.55,327.85,335.79,75956000,0.0,0.0,TSLA
2025-08-18,335.16,336.27,329.59,329.62,56956600,0.0,0.0,TSLA
2025-08-15,330.56,339.3,327.02,337.66,74319800,0.0,0.0,TSLA
2025-08-14,335.58,340.47,330.4,335.76,75000700,0.0,0.0,TSLA
2025-08-13,339.38,348.98,338.2,341.5,67838900,0.0,0.0,TSLA
2025-08-12,340.84,345.26,332.94,345.0,80522100,0.0,0.0,TSLA
2025-08-11,339.03,346.64,334.15,335.0,105320200,0.0,0.0,TSLA
2025-08-08,329.65,335.15,320.98,321.43,91200300,0.0,0.0,TSLA
2025-08-07,322.27,322.4,316.16,319.79,66658700,0.0,0.0,TSLA
2025-08-06,319.91,320.47,306.93,307.89,78523600,0.0,0.0,TSLA
2025-08-05,308.72,312.45,305.5,308.95,57961300,0.0,0.0,TSLA
2025-08-04,309.26,312.12,303.0,309.08,78683900,0.0,0.0,TSLA
2025-08-01,302.63,309.31,297.82,306.21,89121400,0.0,0.0,TSLA
2025-07-31,308.27,321.37,306.1,319.61,85270900,0.0,0.0,TSLA
2025-07-30,319.04,324.45,311.62,322.18,83931900,0.0,0.0,TSLA
2025-07-29,321.2,326.25,318.25,325.55,87358900,0.0,0.0,TSLA
2025-07-28,325.59,330.49,315.69,318.45,112673800,0.0,0.0,TSLA
2025-07-25,316.06,323.63,308.01,308.74,148227000,0.0,0.0,TSLA
2025-07-24,305.3,310.15,300.41,310.0,156966000,0.0,0.0,TSLA
2025-07-23,332.56,336.2,328.67,330.9,92553800,0.0,0.0,TSLA
2025-07-22,332.11,335.41,321.55,329.74,77370400,0.0,0.0,TSLA
2025-07-21,328.49,338.0,326.88,334.4,75768800,0.0,0.0,TSLA
2025-07-18,329.65,330.9,321.42,321.66,94255000,0.0,0.0,TSLA
2025-07-17,319.41,324.34,317.06,323.15,73922900,0.0,0.0,TSLA
2025-07-16,321.67,323.5,312.62,312.8,97284800,0.0,0.0,TSLA
2025-07-15,310.78,321.2,310.5,319.68,77556300,0.0,0.0,TSLA
2025-07-14,316.9,322.6,312.67,317.73,78043400,0.0,0.0,TSLA
2025-07-11,313.51,314.09,305.65,307.89,79236400,0.0,0.0,TSLA
2025-07-10,309.87,310.48,300.0,300.05,104365300,0.0,0.0,TSLA
2025-07-09,295.88,300.15,293.55,297.55,75586800,0.0,0.0,TSLA
2025-07-08,297.81,304.05,294.35,297.0,103246700,0.0,0.0,TSLA
2025-07-07,293.94,296.15,288.77,291.37,131177900,0.0,0.0,TSLA
2025-07-03,315.35,318.45,312.76,317.99,58042300,0.0,0.0,TSLA
2025-07-02,315.65,316.83,303.82,312.63,119483700,0.0,0.0,TSLA
2025-07-01,300.71,305.89,293.21,298.46,145085700,0.0,0.0,TSLA
2025-06-30,317.66,325.58,316.6,319.9,76695100,0.0,0.0,TSLA
2025-06-27,323.63,329.34,317.5,324.51,89067000,0.0,0.0,TSLA
2025-06-26,325.78,331.05,323.61,324.61,80440900,0.0,0.0,TSLA
2025-06-25,327.55,343.0,320.4,342.7,119845100,0.0,0.0,TSLA
2025-06-24,340.47,356.26,340.44,356.17,114736200,0.0,0.0,TSLA
2025-06-23,348.68,357.54,327.48,327.54,190716800,0.0,0.0,TSLA
2025-06-20,322.16,332.36,317.78,327.95,108688000,0.0,0.0,TSLA
2025-06-18,322.05,329.32,315.45,317.31,95137700,0.0,0.0,TSLA
2025-06-17,316.35,327.26,314.74,326.09,88282700,0.0,0.0,TSLA
2025-06-16,329.13,332.05,326.41,331.29,83925900,0.0,0.0,TSLA
2025-06-13,325.31,332.99,313.3,313.97,128964300,0.0,0.0,TSLA
2025-06-12,319.11,332.56,316.86,323.08,105127500,0.0,0.0,TSLA
2025-06-11,326.43,335.5,322.5,334.4,122611400,0.0,0.0,TSLA
2025-06-10,326.09,327.83,310.67,314.94,151256500,0.0,0.0,TSLA
2025-06-09,308.58,309.83,281.85,285.96,140908900,0.0,0.0,TSLA
2025-06-06,295.14,305.5,291.14,298.83,164747700,0.0,0.0,TSLA
2025-06-05,284.7,324.55,273.21,322.49,287499800,0.0,0.0,TSLA
2025-06-04,332.05,345.6,327.33,345.1,98912100,0.0,0.0,TSLA
2025-06-03,344.27,355.4,343.04,346.6,99324500,0.0,0.0,TSLA
2025-06-02,342.69,348.02,333.33,343.5,81873800,0.0,0.0,TSLA
2025-05-30,346.46,363.68,345.29,355.52,123474900,0.0,0.0,TSLA
2025-05-29,358.43,367.71,356.0,365.29,88087800,0.0,0.0,TSLA
2025-05-28,356.9,365.0,355.91,364.84,91404300,0.0,0.0,TSLA
2025-05-27,362.89,363.79,347.32,347.35,120146400,0.0,0.0,TSLA
2025-05-23,339.34,343.18,333.21,337.92,84654800,0.0,0.0,TSLA
2025-05-22,341.04,347.27,331.39,331.9,97113400,0.0,0.0,TSLA
2025-05-21,334.62,347.35,332.2,344.43,102354800,0.0,0.0,TSLA
2025-05-20,343.82,354.99,341.63,347.87,131715500,0.0,0.0,TSLA
2025-05-19,342.09,343.0,333.37,336.3,88869900,0.0,0.0,TSLA
2025-05-16,349.98,351.62,342.33,346.24,95895700,0.0,0.0,TSLA
2025-05-15,342.82,346.14,334.72,340.34,97882600,0.0,0.0,TSLA
2025-05-14,347.68,350.0,337.0,342.5,136997300,0.0,0.0,TSLA
2025-05-13,334.07,337.59,316.8,320.0,136992600,0.0,0.0,TSLA
2025-05-12,318.38,322.21,311.5,321.99,112826700,0.0,0.0,TSLA
2025-05-09,298.26,307.04,290.0,290.21,132387800,0.0,0.0,TSLA
2025-05-08,284.82,289.8,279.41,279.63,97539400,0.0,0.0,TSLA
2025-05-07,276.22,277.92,271.0,276.88,71592600,0.0,0.0,TSLA
2025-05-06,275.35,277.73,271.35,273.11,76715800,0.0,0.0,TSLA
2025-05-05,280.26,284.85,274.4,284.57,94618900,0.0,0.0,TSLA
2025-05-02,287.21,294.78,279.81,284.9,114454700,0.0,0.0,TSLA
2025-05-01,280.52,290.87,279.81,280.01,99659000,0.0,0.0,TSLA
2025-04-30,282.16,284.45,270.78,279.9,128961100,0.0,0.0,TSLA
2025-04-29,292.03,293.32,279.47,285.5,108906600,0.0,0.0,TSLA
2025-04-28,285.88,294.86,272.42,288.98,151731800,0.0,0.0,TSLA
2025-04-25,284.95,286.85,259.63,261.69,167560700,0.0,0.0,TSLA
2025-04-24,259.51,259.54,249.2,250.5,94464200,0.0,0.0,TSLA
2025-04-23,250.74,259.45,244.43,254.86,150381900,0.0,0.0,TSLA
2025-04-22,237.97,242.79,229.85,230.96,120858500,0.0,0.0,TSLA
2025-04-21,227.5,232.21,222.79,230.26,97768000,0.0,0.0,TSLA
2025-04-17,241.37,244.34,237.68,243.47,83404800,0.0,0.0,TSLA
2025-04-16,241.55,251.97,233.89,247.61,112378700,0.0,0.0,TSLA
2025-04-15,254.11,258.75,247.54,249.91,79594300,0.0,0.0,TSLA
2025-04-14,252.35,261.8,245.93,258.36,100135200,0.0,0.0,TSLA
2025-04-11,252.31,257.74,241.36,251.84,128948100,0.0,0.0,TSLA
2025-04-10,252.4,262.49,239.33,260.0,181722600,0.0,0.0,TSLA
2025-04-09,272.2,274.69,223.88,224.69,219433400,0.0,0.0,TSLA
2025-04-08,221.86,250.44,217.8,245.0,171603500,0.0,0.0,TSLA
2025-04-07,233.29,252.0,214.25,223.78,183453800,0.0,0.0,TSLA
2025-04-04,239.43,261.0,236.0,255.38,181229400,0.0,0.0,TSLA
2025-04-03,267.28,276.3,261.51,265.29,136174300,0.0,0.0,TSLA
2025-04-02,282.76,284.99,251.27,254.6,212787800,0.0,0.0,TSLA
2025-04-01,268.46,277.45,259.25,263.8,146486900,0.0,0.0,TSLA
2025-03-31,259.16,260.56,243.36,249.31,134008900,0.0,0.0,TSLA
2025-03-28,263.55,276.1,260.57,275.58,123809400,0.0,0.0,TSLA
2025-03-27,273.13,291.85,271.82,272.48,162572100,0.0,0.0,TSLA
2025-03-26,272.06,284.9,266.51,282.66,153629800,0.0,0.0,TSLA
2025-03-25,288.14,288.2,271.28,283.6,150361500,0.0,0.0,TSLA
2025-03-24,278.39,278.64,256.33,258.08,169079900,0.0,0.0,TSLA
2025-03-21,248.71,249.52,234.55,234.99,132728700,0.0,0.0,TSLA
2025-03-20,236.26,238.0,230.05,233.35,99028300,0.0,0.0,TSLA
2025-03-19,235.86,241.41,229.2,231.61,111993800,0.0,0.0,TSLA
2025-03-18,225.31,230.1,222.28,228.16,111477600,0.0,0.0,TSLA
2025-03-17,238.01,245.4,232.8,245.06,111900600,0.0,0.0,TSLA
2025-03-14,249.98,251.58,240.73,247.31,100242300,0.0,0.0,TSLA
2025-03-13,240.68,248.29,232.6,248.13,114813500,0.0,0.0,TSLA
2025-03-12,248.09,251.84,241.1,247.22,142215700,0.0,0.0,TSLA
2025-03-11,230.58,237.06,217.02,225.31,174896400,0.0,0.0,TSLA
2025-03-10,222.15,253.37,220.0,252.54,189076900,0.0,0.0,TSLA
2025-03-07,262.67,266.25,250.73,259.32,102369600,0.0,0.0,TSLA
2025-03-06,263.45,272.65,260.02,272.06,98451600,0.0,0.0,TSLA
2025-03-05,279.1,279.55,267.71,272.92,94042900,0.0,0.0,TSLA
2025-03-04,272.04,284.35,261.84,270.93,126706600,0.0,0.0,TSLA
2025-03-03,284.65,303.94,277.3,300.34,115551400,0.0,0.0,TSLA
2025-02-28,292.98,293.88,273.6,279.5,115697000,0.0,0.0,TSLA
2025-02-27,281.95,297.23,280.88,291.16,101748200,0.0,0.0,TSLA
2025-02-26,290.8,309.0,288.04,303.71,100118300,0.0,0.0,TSLA
2025-02-25,302.8,328.89,297.25,327.02,134228800,0.0,0.0,TSLA
2025-02-24,330.53,342.4,324.7,338.14,76052300,0.0,0.0,TSLA
2025-02-21,337.8,354.98,334.42,353.44,74058600,0.0,0.0,TSLA
2025-02-20,354.4,362.3,348.0,361.51,45965400,0.0,0.0,TSLA
2025-02-19,360.56,367.34,353.67,354.0,67094400,0.0,0.0,TSLA
2025-02-18,354.11,359.1,350.02,355.01,51631700,0.0,0.0,TSLA
2025-02-14,355.84,362.0,347.5,360.62,68277300,0.0,0.0,TSLA
2025-02-13,355.94,358.69,342.85,345.0,89441500,0.0,0.0,TSLA
2025-02-12,336.51,346.4,329.12,329.94,105382700,0.0,0.0,TSLA
2025-02-11,328.5,349.37,325.1,345.8,118543400,0.0,0.0,TSLA
2025-02-10,350.73,362.7,350.51,356.21,77514900,0.0,0.0,TSLA
2025-02-07,361.62,380.55,360.34,370.19,70298300,0.0,0.0,TSLA
2025-02-06,374.32,375.4,363.18,373.03,77918200,0.0,0.0,TSLA
2025-02-05,378.17,388.39,375.53,387.51,57223300,0.0,0.0,TSLA
2025-02-04,392.21,394.0,381.4,382.63,57072200,0.0,0.0,TSLA
2025-02-03,383.68,389.17,374.36,386.68,93732100,0.0,0.0,TSLA
2025-01-31,404.6,419.99,401.34,401.53,83283600,0.0,0.0,TSLA
2025-01-30,400.28,412.5,384.41,410.78,98092900,0.0,0.0,TSLA
2025-01-29,389.1,398.59,384.48,395.21,68033600,0.0,0.0,TSLA
2025-01-28,398.09,400.59,386.5,396.91,48910700,0.0,0.0,TSLA
2025-01-27,397.15,406.69,389.0,394.8,58125500,0.0,0.0,TSLA
2025-01-24,406.58,418.88,405.78,414.45,56427100,0.0,0.0,TSLA
2025-01-23,412.38,420.73,408.95,416.06,50690600,0.0,0.0,TSLA
2025-01-22,415.11,428.0,414.59,416.81,60963300,0.0,0.0,TSLA
2025-01-21,424.07,433.2,406.31,432.64,87320900,0.0,0.0,TSLA
2025-01-17,426.5,439.74,419.75,421.5,94991400,0.0,0.0,TSLA
2025-01-16,413.82,424.0,409.13,423.49,68335200,0.0,0.0,TSLA
2025-01-15,428.22,429.8,405.66,409.9,81375500,0.0,0.0,TSLA
2025-01-14,396.36,422.64,394.54,414.34,84565000,0.0,0.0,TSLA
2025-01-13,403.31,403.79,380.07,383.21,67580500,0.0,0.0,TSLA
2025-01-10,394.74,399.28,377.29,391.4,62287300,0.0,0.0,TSLA
2025-01-08,394.94,402.5,387.4,392.95,73038800,0.0,0.0,TSLA
2025-01-07,394.36,414.33,390.0,405.83,75699500,0.0,0.0,TSLA
2025-01-06,411.05,426.43,401.7,423.2,85516500,0.0,0.0,TSLA
2025-01-03,410.44,411.88,379.45,381.48,95423300,0.0,0.0,TSLA
2025-01-02,379.28,392.73,373.04,390.1,109710700,0.0,0.0,TSLA
2024-12-31,403.84,427.93,402.54,423.79,76825100,0.0,0.0,TSLA
2024-12-30,417.41,427.0,415.75,419.4,64941000,0.0,0.0,TSLA
2024-12-27,431.66,450.0,426.5,449.52,82666800,0.0,0.0,TSLA
2024-12-26,454.13,465.33,451.02,465.16,76366400,0.0,0.0,TSLA
2024-12-24,462.28,462.78,435.14,435.9,59551800,0.0,0.0,TSLA
2024-12-23,430.6,434.51,415.41,431.0,72698100,0.0,0.0,TSLA
2024-12-20,421.06,447.08,417.64,425.51,132216200,0.0,0.0,TSLA
2024-12-19,436.17,456.36,420.02,451.88,118566100,0.0,0.0,TSLA
2024-12-18,440.13,488.54,427.01,466.5,149340800,0.0,0.0,TSLA
2024-12-17,479.86,483.99,457.51,475.9,131223000,0.0,0.0,TSLA
2024-12-16,463.02,463.19,436.15,441.09,114083800,0.0,0.0,TSLA
2024-12-13,436.23,436.3,415.71,420.0,89000200,0.0,0.0,TSLA
2024-12-12,418.1,429.3,415.0,424.84,87752200,0.0,0.0,TSLA
2024-12-11,424.77,424.88,402.38,409.7,104287600,0.0,0.0,TSLA
2024-12-10,400.99,409.73,390.85,392.68,97563600,0.0,0.0,TSLA
2024-12-09,389.79,404.8,378.01,397.61,96359200,0.0,0.0,TSLA
2024-12-06,389.22,389.49,370.8,377.42,81455800,0.0,0.0,TSLA
2024-12-05,369.49,375.43,359.5,359.87,81403600,0.0,0.0,TSLA
2024-12-04,357.93,358.1,348.6,353.0,50810900,0.0,0.0,TSLA
2024-12-03,351.42,355.69,348.2,351.8,58267200,0.0,0.0,TSLA
2024-12-02,357.09,360.0,351.15,352.38,77986500,0.0,0.0,TSLA
2024-11-29,345.16,345.45,334.65,336.08,37167600,0.0,0.0,TSLA
2024-11-27,332.89,342.55,326.59,341.8,57896400,0.0,0.0,TSLA
2024-11-26,338.23,346.96,335.66,341.0,62295900,0.0,0.0,TSLA
2024-11-25,338.59,361.93,338.2,360.14,95890900,0.0,0.0,TSLA
2024-11-22,352.56,361.53,337.7,341.09,89140700,0.0,0.0,TSLA
2024-11-21,339.64,347.99,335.28,343.81,58011700,0.0,0.0,TSLA
2024-11-20,342.03,346.6,334.3,345.0,66340700,0.0,0.0,TSLA
2024-11-19,346.0,347.38,332.75,335.76,88852500,0.0,0.0,TSLA
2024-11-18,338.74,348.55,330.01,340.73,126085600,0.0,0.0,TSLA
2024-11-15,320.72,324.68,309.22,310.57,114440300,0.0,0.0,TSLA
2024-11-14,311.18,329.98,310.37,327.69,120726100,0.0,0.0,TSLA
2024-11-13,330.24,344.6,322.5,335.85,125405600,0.0,0.0,TSLA
2024-11-12,328.49,345.84,323.31,342.74,155726000,0.0,0.0,TSLA
2024-11-11,350.0,358.64,336.0,346.3,210521600,0.0,0.0,TSLA
2024-11-08,321.22,328.71,297.66,299.14,204782800,0.0,0.0,TSLA
2024-11-07,296.91,299.75,285.52,288.89,117309200,0.0,0.0,TSLA
2024-11-06,288.53,289.59,275.62,284.67,165228700,0.0,0.0,TSLA
2024-11-05,251.44,255.28,246.21,247.34,69282500,0.0,0.0,TSLA
2024-11-04,242.84,248.9,238.88,244.56,68802400,0.0,0.0,TSLA
2024-11-01,248.98,254.0,246.63,252.04,57544800,0.0,0.0,TSLA
2024-10-31,249.85,259.75,249.25,257.99,66575300,0.0,0.0,TSLA
2024-10-30,257.55,263.35,255.82,258.04,53993600,0.0,0.0,TSLA
2024-10-29,259.52,264.98,255.51,264.51,80521800,0.0,0.0,TSLA
2024-10-28,262.51,273.54,262.24,270.0,107653600,0.0,0.0,TSLA
2024-10-25,269.19,269.49,255.32,256.01,161611900,0.0,0.0,TSLA
2024-10-24,260.48,262.12,242.65,244.68,204491900,0.0,0.0,TSLA
2024-10-23,213.65,218.72,212.11,217.13,80938900,0.0,0.0,TSLA
2024-10-22,217.97,218.22,215.26,217.31,43268700,0.0,0.0,TSLA
2024-10-21,218.85,220.48,215.73,218.9,47329000,0.0,0.0,TSLA
2024-10-18,220.7,222.28,219.23,220.71,49611900,0.0,0.0,TSLA
2024-10-17,220.89,222.08,217.9,221.59,50791800,0.0,0.0,TSLA
2024-10-16,221.33,222.82,218.93,221.4,49632800,0.0,0.0,TSLA
2024-10-15,219.57,224.26,217.12,220.01,62988800,0.0,0.0,TSLA
2024-10-14,219.16,221.91,213.74,220.13,86291900,0.0,0.0,TSLA
2024-10-11,217.8,223.34,214.38,220.13,142628900,0.0,0.0,TSLA
2024-10-10,238.77,242.79,232.34,241.81,83087100,0.0,0.0,TSLA
2024-10-09,241.05,247.43,239.51,243.82,66289500,0.0,0.0,TSLA
2024-10-08,244.5,246.21,240.56,243.56,56303200,0.0,0.0,TSLA
2024-10-07,240.83,249.83,240.7,249.0,68113300,0.0,0.0,TSLA
2024-10-04,250.08,250.96,244.58,246.69,86573200,0.0,0.0,TSLA
2024-10-03,240.66,249.79,237.81,244.48,80729200,0.0,0.0,TSLA
2024-10-02,249.02,251.16,241.5,247.55,93983900,0.0,0.0,TSLA
